run,model,epoch,lam,task_loss,ponder_loss,test_score,test_task_loss,test_steps,test_t
0,node,0,0.0,0.47534348747947,0.0,0.6666666666666666,0.4614976806640625,4.710333333333334,1.0
0,node,1,0.0,0.45057504827325995,0.0,0.6666666666666666,0.433175537109375,4.960333333333334,1.0
0,node,2,0.0,0.42218190973455255,0.0,0.6666666666666666,0.4096396891276042,5.176333333333333,1.0
0,node,3,0.0,0.39983471957120026,0.0,0.6666666666666666,0.3987040201822917,5.233,1.0
0,node,4,0.0,0.3967761126431552,0.0,0.6666666666666666,0.39349332682291666,5.316333333333334,1.0
0,node,5,0.0,0.3881092505021529,0.0,0.6666666666666666,0.38598335774739584,5.320666666666667,1.0
0,node,6,0.0,0.38168907165527344,0.0,0.6666666666666666,0.3803175862630208,5.370333333333333,1.0
0,node,7,0.0,0.3798119805075906,0.0,0.6666666666666666,0.37248111979166665,5.407,1.0
0,node,8,0.0,0.3718852563337846,0.0,0.6666666666666666,0.3653929850260417,5.452,1.0
0,node,9,0.0,0.36733605644919654,0.0,0.6666666666666666,0.3597210693359375,5.493333333333333,1.0
0,node,10,0.0,0.35941613804210315,0.0,0.6666666666666666,0.3550416259765625,5.528,1.0
0,node,11,0.0,0.3558586727489125,0.0,0.6666666666666666,0.35097607421875,5.538,1.0
0,node,12,0.0,0.35122916915199975,0.0,0.6666666666666666,0.34808784993489583,5.576666666666667,1.0
0,node,13,0.0,0.3516880598935214,0.0,0.6666666666666666,0.34583256022135417,5.601,1.0
0,node,14,0.0,0.3486007126894864,0.0,0.6666666666666666,0.34406013997395835,5.628,1.0
0,node,15,0.0,0.3467196117747914,0.0,0.6666666666666666,0.34267069498697916,5.653,1.0
0,node,16,0.0,0.3468658273870295,0.0,0.6666666666666666,0.3415896809895833,5.6866666666666665,1.0
0,node,17,0.0,0.3451295549219305,0.0,0.6666666666666666,0.3410879313151042,5.724,1.0
0,node,18,0.0,0.34073192423040216,0.0,0.6666666666666666,0.34007611083984374,5.727333333333333,1.0
0,node,19,0.0,0.34067080237648706,0.0,0.6666666666666666,0.33933695475260417,5.709333333333333,1.0
0,node,20,0.0,0.3416923609646884,0.0,0.6666666666666666,0.3388333536783854,5.72,1.0
0,node,21,0.0,0.3412711186842485,0.0,0.6666666666666666,0.3386730550130208,5.7636666666666665,1.0
0,node,22,0.0,0.34143398024819116,0.0,0.6666666666666666,0.33790928141276044,5.767666666666667,1.0
0,node,23,0.0,0.34018811312588776,0.0,0.6666666666666666,0.3377021484375,5.824333333333334,1.0
0,node,24,0.0,0.3398496020923961,0.0,0.6666666666666666,0.3374559122721354,5.846333333333333,1.0
0,node,25,0.0,0.3397216363386674,0.0,0.6666666666666666,0.33715055338541666,5.847,1.0
0,node,26,0.0,0.33974274722012604,0.0,0.6666666666666666,0.3367924601236979,5.859333333333334,1.0
0,node,27,0.0,0.339989878914573,0.0,0.6666666666666666,0.3364695027669271,5.902333333333333,1.0
0,node,28,0.0,0.33925500783053314,0.0,0.6666666666666666,0.33662762451171874,5.922666666666666,1.0
0,node,29,0.0,0.33848660642450507,0.0,0.6666666666666666,0.3363441569010417,5.917666666666666,1.0
0,node,30,0.0,0.33922871676358307,0.0,0.6666666666666666,0.33592832438151043,5.923,1.0
0,node,31,0.0,0.33876011588356714,0.0,0.6666666666666666,0.33582814534505206,5.9623333333333335,1.0
0,node,32,0.0,0.3414838964288885,0.0,0.6666666666666666,0.33600238037109376,5.982666666666667,1.0
0,node,33,0.0,0.3387008146806197,0.0,0.6666666666666666,0.3357345377604167,5.9703333333333335,1.0
0,node,34,0.0,0.3395639549602162,0.0,0.6666666666666666,0.3355555419921875,5.990333333333333,1.0
0,node,35,0.0,0.34227932583202014,0.0,0.6666666666666666,0.3354910278320313,6.016,1.0
0,node,36,0.0,0.3402010744268244,0.0,0.6666666666666666,0.33526934814453124,6.014,1.0
0,node,37,0.0,0.33816859938881616,0.0,0.6666666666666666,0.33517449951171874,6.027333333333333,1.0
0,node,38,0.0,0.3388478322462602,0.0,0.6666666666666666,0.33513545735677086,6.040666666666667,1.0
0,node,39,0.0,0.33858151869340375,0.0,0.6666666666666666,0.3349342244466146,6.029,1.0
0,node,40,0.0,0.34007640318437055,0.0,0.6666666666666666,0.3349393310546875,6.076333333333333,1.0
0,node,41,0.0,0.3384162295948375,0.0,0.6666666666666666,0.3349069620768229,6.072333333333333,1.0
0,node,42,0.0,0.33782157030972565,0.0,0.6666666666666666,0.3348523763020833,6.088666666666667,1.0
0,node,43,0.0,0.3368485624139959,0.0,0.6666666666666666,0.3347267049153646,6.100333333333333,1.0
0,node,44,0.0,0.3403084494850852,0.0,0.6666666666666666,0.3346194864908854,6.0986666666666665,1.0
0,node,45,0.0,0.33989212729714136,0.0,0.6553333333333333,0.3345697428385417,6.112666666666667,1.0
0,node,46,0.0,0.3371405384757302,0.0,0.6666666666666666,0.33448944091796873,6.123,1.0
0,node,47,0.0,0.33862031589854846,0.0,0.6666666666666666,0.3344439697265625,6.142333333333333,1.0
0,node,48,0.0,0.3377477689222856,0.0,0.6666666666666666,0.3343970743815104,6.128333333333333,1.0
0,node,49,0.0,0.33805144916881213,0.0,0.6666666666666666,0.33452752685546877,6.153666666666667,1.0
0,node,50,0.0,0.3398305719549006,0.0,0.6666666666666666,0.3342901814778646,6.1273333333333335,1.0
0,node,51,0.0,0.3372818339954723,0.0,0.6666666666666666,0.33436138916015623,6.169666666666667,1.0
0,node,52,0.0,0.3388023376464844,0.0,0.6666666666666666,0.3343733723958333,6.169666666666667,1.0
0,node,53,0.0,0.3383083993738348,0.0,0.6666666666666666,0.3343744710286458,6.192,1.0
0,node,54,0.0,0.3372719504616477,0.0,0.6666666666666666,0.33444429524739583,6.194,1.0
0,node,55,0.0,0.3393006541512229,0.0,0.6666666666666666,0.33422816975911457,6.181666666666667,1.0
0,node,56,0.0,0.33645584366538306,0.0,0.6666666666666666,0.3343818155924479,6.223,1.0
0,node,57,0.0,0.33790185234763404,0.0,0.6666666666666666,0.3341618855794271,6.1963333333333335,1.0
0,node,58,0.0,0.33422088623046875,0.0,0.6666666666666666,0.33409061686197916,6.212,1.0
0,node,59,0.0,0.3366313414140181,0.0,0.6666666666666666,0.3342043660481771,6.229,1.0
0,node,60,0.0,0.33775303580544214,0.0,0.6666666666666666,0.3340763956705729,6.210666666666667,1.0
0,node,61,0.0,0.3383043245835738,0.0,0.6666666666666666,0.3340465291341146,6.256333333333333,1.0
0,node,62,0.0,0.3368255441839045,0.0,0.6666666666666666,0.3339542846679687,6.252666666666666,1.0
0,node,63,0.0,0.33850622177124023,0.0,0.6666666666666666,0.3339922892252604,6.24,1.0
0,node,64,0.0,0.33775682882829144,0.0,0.6666666666666666,0.3339666544596354,6.245,1.0
0,node,65,0.0,0.33899136023087934,0.0,0.6666666666666666,0.33426529947916667,6.2843333333333335,1.0
0,node,66,0.0,0.33743060718883167,0.0,0.6666666666666666,0.3339483642578125,6.233,1.0
0,node,67,0.0,0.33923799341375177,0.0,0.493,0.33393634033203123,6.267333333333333,1.0
0,node,68,0.0,0.336932897567749,0.0,0.6666666666666666,0.33413712565104164,6.293,1.0
0,node,69,0.0,0.33725981278852984,0.0,0.6666666666666666,0.3339798787434896,6.2556666666666665,1.0
0,node,70,0.0,0.33802223205566406,0.0,0.6666666666666666,0.3338355712890625,6.266,1.0
0,node,71,0.0,0.3376344550739635,0.0,0.6666666666666666,0.33394244384765626,6.323,1.0
0,node,72,0.0,0.3378847295587713,0.0,0.6666666666666666,0.3338892415364583,6.292666666666666,1.0
0,node,73,0.0,0.33527198704806244,0.0,0.6666666666666666,0.3338286743164062,6.282666666666667,1.0
0,node,74,0.0,0.3354356288909912,0.0,0.6666666666666666,0.3338078409830729,6.294666666666667,1.0
0,node,75,0.0,0.3375611738725142,0.0,0.6666666666666666,0.33384920247395833,6.298333333333333,1.0
0,node,76,0.0,0.3389838392084295,0.0,0.6666666666666666,0.3338299967447917,6.288666666666667,1.0
0,node,77,0.0,0.3369055011055686,0.0,0.6666666666666666,0.33374755859375,6.310333333333333,1.0
0,node,78,0.0,0.3375424688512629,0.0,0.6666666666666666,0.333841064453125,6.308666666666666,1.0
0,node,79,0.0,0.33831529183821246,0.0,0.6666666666666666,0.3337163696289063,6.308333333333334,1.0
0,node,80,0.0,0.3349871201948686,0.0,0.6666666666666666,0.33371541341145833,6.318333333333333,1.0
0,node,81,0.0,0.3364794904535467,0.0,0.6666666666666666,0.33391644287109373,6.328666666666667,1.0
0,node,82,0.0,0.33767515962774103,0.0,0.6666666666666666,0.33374586995442707,6.3196666666666665,1.0
0,node,83,0.0,0.33722678097811615,0.0,0.6666666666666666,0.33370625813802085,6.319,1.0
0,node,84,0.0,0.3384388793598522,0.0,0.6666666666666666,0.3337491455078125,6.344333333333333,1.0
0,node,85,0.0,0.3383945335041393,0.0,0.6666666666666666,0.3337094523111979,6.341,1.0
0,node,86,0.0,0.33662251992659137,0.0,0.6666666666666666,0.33386590576171876,6.354,1.0
0,node,87,0.0,0.336585825139826,0.0,0.6666666666666666,0.3336419881184896,6.334,1.0
0,node,88,0.0,0.33891864256425336,0.0,0.6666666666666666,0.3337353312174479,6.379666666666667,1.0
0,node,89,0.0,0.335906982421875,0.0,0.6666666666666666,0.3337875569661458,6.371333333333333,1.0
0,node,90,0.0,0.33749129555442114,0.0,0.6666666666666666,0.33369242350260414,6.364333333333334,1.0
0,node,91,0.0,0.33630655028603296,0.0,0.6666666666666666,0.33364284261067706,6.354,1.0
0,node,92,0.0,0.33784211765636096,0.0,0.6666666666666666,0.33359663899739583,6.375666666666667,1.0
0,node,93,0.0,0.33890821717002173,0.0,0.6666666666666666,0.3336508585611979,6.386,1.0
0,node,94,0.0,0.3388618772680109,0.0,0.6666666666666666,0.33363798014322915,6.383333333333334,1.0
0,node,95,0.0,0.3375987139615146,0.0,0.6666666666666666,0.33367600504557293,6.374333333333333,1.0
0,node,96,0.0,0.33829697695645417,0.0,0.6666666666666666,0.33366404215494794,6.376666666666667,1.0
0,node,97,0.0,0.33786283839832654,0.0,0.6666666666666666,0.33360870361328127,6.359666666666667,1.0
0,node,98,0.0,0.3366586078297008,0.0,0.6666666666666666,0.33369502766927084,6.418666666666667,1.0
0,node,99,0.0,0.33511406725103204,0.0,0.6666666666666666,0.3336261189778646,6.4093333333333335,1.0
1,node,0,0.0,0.5419021519747648,0.0,0.3473333333333333,0.48197265625,4.901,1.0
1,node,1,0.0,0.45866628126664594,0.0,0.6666666666666666,0.431139404296875,5.167333333333334,1.0
1,node,2,0.0,0.4246810566295277,0.0,0.6666666666666666,0.4210445963541667,5.340333333333334,1.0
1,node,3,0.0,0.41743694652210583,0.0,0.6666666666666666,0.4182051595052083,5.439333333333333,1.0
1,node,4,0.0,0.41798864711414685,0.0,0.6666666666666666,0.417334716796875,5.592,1.0
1,node,5,0.0,0.4194438240744851,0.0,0.6666666666666666,0.41706795247395834,5.734,1.0
1,node,6,0.0,0.41974193399602716,0.0,0.6666666666666666,0.41661922200520835,5.780333333333333,1.0
1,node,7,0.0,0.41762837496670807,0.0,0.6666666666666666,0.41638916015625,5.789666666666666,1.0
1,node,8,0.0,0.4159620024941184,0.0,0.6666666666666666,0.4160406087239583,5.796666666666667,1.0
1,node,9,0.0,0.41392113945700904,0.0,0.6666666666666666,0.4158539632161458,5.795,1.0
1,node,10,0.0,0.4170782782814719,0.0,0.6666666666666666,0.4155426025390625,5.809333333333333,1.0
1,node,11,0.0,0.415580922907049,0.0,0.6666666666666666,0.4149696044921875,5.735666666666667,1.0
1,node,12,0.0,0.4133611592379483,0.0,0.6666666666666666,0.41441512044270834,5.696,1.0
1,node,13,0.0,0.41475781527432526,0.0,0.6666666666666666,0.4133553466796875,5.642333333333333,1.0
1,node,14,0.0,0.4149840094826438,0.0,0.6666666666666666,0.4119309488932292,5.587666666666666,1.0
1,node,15,0.0,0.4129963354630904,0.0,0.6666666666666666,0.40972737630208333,5.53,1.0
1,node,16,0.0,0.4106045202775435,0.0,0.6666666666666666,0.40606254069010417,5.397666666666667,1.0
1,node,17,0.0,0.4048161073164506,0.0,0.6666666666666666,0.40062251790364584,5.207,1.0
1,node,18,0.0,0.3987216515974565,0.0,0.6666666666666666,0.39319217936197914,5.099,1.0
1,node,19,0.0,0.39225695349953393,0.0,0.6666666666666666,0.38265486653645836,4.969666666666667,1.0
1,node,20,0.0,0.3791947364807129,0.0,0.6666666666666666,0.369772216796875,5.078,1.0
1,node,21,0.0,0.3644393574107777,0.0,0.6666666666666666,0.35589762369791667,5.155666666666667,1.0
1,node,22,0.0,0.35333678939125757,0.0,0.6646666666666666,0.3443209635416667,5.480666666666667,1.0
1,node,23,0.0,0.34575158899480646,0.0,0.348,0.33902323404947915,5.725666666666666,1.0
1,node,24,0.0,0.3416849266399037,0.0,0.633,0.33653959147135415,5.919333333333333,1.0
1,node,25,0.0,0.3378636837005615,0.0,0.5836666666666667,0.3350896606445313,6.079,1.0
1,node,26,0.0,0.3363111452622847,0.0,0.6696666666666666,0.3341789754231771,6.16,1.0
1,node,27,0.0,0.3368672240864147,0.0,0.6813333333333333,0.33332413736979166,6.257666666666666,1.0
1,node,28,0.0,0.33543679930947046,0.0,0.68,0.33289420572916667,6.302666666666667,1.0
1,node,29,0.0,0.33760725368152966,0.0,0.6816666666666666,0.33228190104166666,6.344666666666667,1.0
1,node,30,0.0,0.33760842410000885,0.0,0.681,0.33182987467447916,6.423666666666667,1.0
1,node,31,0.0,0.33469462394714355,0.0,0.6806666666666666,0.33152579752604167,6.524333333333334,1.0
1,node,32,0.0,0.336259971965443,0.0,0.679,0.3310002237955729,6.570666666666667,1.0
1,node,33,0.0,0.3345640139146285,0.0,0.6813333333333333,0.33073199462890623,6.648333333333333,1.0
1,node,34,0.0,0.334504864432595,0.0,0.6793333333333333,0.33078011067708335,6.6353333333333335,1.0
1,node,35,0.0,0.33497903563759546,0.0,0.678,0.3304262288411458,6.6883333333333335,1.0
1,node,36,0.0,0.33539524945345794,0.0,0.6776666666666666,0.33029913330078126,6.721333333333333,1.0
1,node,37,0.0,0.3332737142389471,0.0,0.681,0.3304111531575521,6.7973333333333334,1.0
1,node,38,0.0,0.33238480307839136,0.0,0.677,0.3299987589518229,6.837,1.0
1,node,39,0.0,0.3326666138388894,0.0,0.6803333333333333,0.32991943359375,6.821,1.0
1,node,40,0.0,0.33255756985057483,0.0,0.6803333333333333,0.3296073404947917,6.87,1.0
1,node,41,0.0,0.3340419205752286,0.0,0.6803333333333333,0.3294390869140625,6.884,1.0
1,node,42,0.0,0.33048096570101654,0.0,0.681,0.3293111775716146,6.885666666666666,1.0
1,node,43,0.0,0.33222848718816583,0.0,0.6806666666666666,0.3293652140299479,6.961,1.0
1,node,44,0.0,0.33256058259443805,0.0,0.68,0.32925846354166666,6.957,1.0
1,node,45,0.0,0.3326442675157027,0.0,0.68,0.32921110026041667,6.932666666666667,1.0
1,node,46,0.0,0.3330758918415416,0.0,0.6803333333333333,0.3289290974934896,6.91,1.0
1,node,47,0.0,0.33220059221441095,0.0,0.682,0.32892213948567706,6.886666666666667,1.0
1,node,48,0.0,0.33130973035638983,0.0,0.6783333333333333,0.3287699178059896,6.902666666666667,1.0
1,node,49,0.0,0.3323856917294589,0.0,0.676,0.32884832763671873,6.913666666666667,1.0
1,node,50,0.0,0.33235994252291595,0.0,0.681,0.32874920654296874,6.848,1.0
1,node,51,0.0,0.3325808915224942,0.0,0.681,0.3286435343424479,6.767333333333333,1.0
1,node,52,0.0,0.33366805856878107,0.0,0.6806666666666666,0.32845351155598956,6.792666666666666,1.0
1,node,53,0.0,0.3322446779771285,0.0,0.6796666666666666,0.32840350341796876,6.76,1.0
1,node,54,0.0,0.3324396393515847,0.0,0.68,0.3282481282552083,6.808333333333334,1.0
1,node,55,0.0,0.3327189792286266,0.0,0.681,0.3281605428059896,6.790666666666667,1.0
1,node,56,0.0,0.33040813966230914,0.0,0.68,0.3280892130533854,6.889333333333333,1.0
1,node,57,0.0,0.33204585855657404,0.0,0.673,0.32827301025390626,6.921666666666667,1.0
1,node,58,0.0,0.33177646723660553,0.0,0.6756666666666666,0.327995849609375,6.930666666666666,1.0
1,node,59,0.0,0.3326395641673695,0.0,0.6786666666666666,0.3279124755859375,6.890666666666666,1.0
1,node,60,0.0,0.33419984037225897,0.0,0.68,0.32782503255208334,6.818666666666667,1.0
1,node,61,0.0,0.331198432228782,0.0,0.6803333333333333,0.3277571818033854,6.741666666666666,1.0
1,node,62,0.0,0.32962460951371625,0.0,0.6803333333333333,0.3280639851888021,6.708,1.0
1,node,63,0.0,0.330547419461337,0.0,0.68,0.3278932088216146,6.738,1.0
1,node,64,0.0,0.3325887810100209,0.0,0.6813333333333333,0.3278615926106771,6.642,1.0
1,node,65,0.0,0.33264699849215423,0.0,0.6803333333333333,0.3279189453125,6.649,1.0
1,node,66,0.0,0.32924628257751465,0.0,0.6796666666666666,0.32809193929036456,6.612666666666667,1.0
1,node,67,0.0,0.3307671546936035,0.0,0.6803333333333333,0.3282030029296875,6.484333333333334,1.0
1,node,68,0.0,0.33248756148598413,0.0,0.68,0.3281727498372396,6.371666666666667,1.0
1,node,69,0.0,0.333145336671309,0.0,0.682,0.3284158121744792,6.08,1.0
1,node,70,0.0,0.33196054805408826,0.0,0.6816666666666666,0.32827984619140627,6.302333333333333,1.0
1,node,71,0.0,0.33328130028464575,0.0,0.6806666666666666,0.3284830729166667,6.304666666666667,1.0
1,node,72,0.0,0.33353822881525214,0.0,0.682,0.3280365193684896,6.285333333333333,1.0
1,node,73,0.0,0.33228781006552954,0.0,0.6813333333333333,0.32799857584635417,6.230333333333333,1.0
1,node,74,0.0,0.33088049021634186,0.0,0.6816666666666666,0.3281274617513021,6.358666666666666,1.0
1,node,75,0.0,0.3329490748318759,0.0,0.681,0.32795743815104167,6.352666666666667,1.0
1,node,76,0.0,0.3334895914251154,0.0,0.6806666666666666,0.32783734130859377,6.372,1.0
1,node,77,0.0,0.32892994447187945,0.0,0.68,0.32765496826171875,6.334333333333333,1.0
1,node,78,0.0,0.3313140002163974,0.0,0.683,0.3276235148111979,6.3196666666666665,1.0
1,node,79,0.0,0.3320458368821578,0.0,0.683,0.3275674641927083,6.326,1.0
1,node,80,0.0,0.33100522648204456,0.0,0.6833333333333333,0.3274671223958333,6.316666666666666,1.0
1,node,81,0.0,0.3323571465232156,0.0,0.6833333333333333,0.3279766845703125,6.480666666666667,1.0
1,node,82,0.0,0.3314931392669678,0.0,0.681,0.3275677490234375,6.689333333333333,1.0
1,node,83,0.0,0.33016527782786975,0.0,0.6823333333333333,0.32762733968098956,6.619666666666666,1.0
1,node,84,0.0,0.33060626550154254,0.0,0.6823333333333333,0.32739975992838544,6.304,1.0
1,node,85,0.0,0.3301001245325262,0.0,0.681,0.3275058186848958,6.427,1.0
1,node,86,0.0,0.3306539708917791,0.0,0.6823333333333333,0.3274673868815104,6.441666666666666,1.0
1,node,87,0.0,0.33187781680714,0.0,0.6833333333333333,0.3272112223307292,6.3453333333333335,1.0
1,node,88,0.0,0.33159132437272504,0.0,0.6813333333333333,0.32751273600260417,6.564333333333333,1.0
1,node,89,0.0,0.33074274930087005,0.0,0.6826666666666666,0.32721048990885415,6.397,1.0
1,node,90,0.0,0.3314373926682906,0.0,0.683,0.32743841552734376,6.498,1.0
1,node,91,0.0,0.3298918767408891,0.0,0.682,0.3273045654296875,6.490666666666667,1.0
1,node,92,0.0,0.3317957141182639,0.0,0.681,0.3271774088541667,6.524333333333334,1.0
1,node,93,0.0,0.3285716880451549,0.0,0.6823333333333333,0.3271808878580729,6.453333333333333,1.0
1,node,94,0.0,0.330313422463157,0.0,0.681,0.32718265787760414,6.500333333333334,1.0
1,node,95,0.0,0.328999324278398,0.0,0.682,0.3271685384114583,6.57,1.0
1,node,96,0.0,0.3306765556335449,0.0,0.681,0.32733671061197916,6.395,1.0
1,node,97,0.0,0.33057837052778766,0.0,0.681,0.32728057861328125,6.514,1.0
1,node,98,0.0,0.33072972297668457,0.0,0.6813333333333333,0.327103515625,6.479666666666667,1.0
1,node,99,0.0,0.3314217003909024,0.0,0.682,0.32702886962890626,6.423,1.0
2,node,0,0.0,0.7328693216497247,0.0,0.6663333333333333,0.637782958984375,4.571666666666666,1.0
2,node,1,0.0,0.5610734332691539,0.0,0.37433333333333335,0.52446240234375,4.815,1.0
2,node,2,0.0,0.48832537911155005,0.0,0.5673333333333334,0.46457047526041667,5.018,1.0
2,node,3,0.0,0.44460587068037555,0.0,0.6666666666666666,0.4399004720052083,5.169333333333333,1.0
2,node,4,0.0,0.43162059783935547,0.0,0.6666666666666666,0.43063252766927085,5.281,1.0
2,node,5,0.0,0.42413108999078925,0.0,0.6666666666666666,0.4269046223958333,5.341333333333333,1.0
2,node,6,0.0,0.4237960902127353,0.0,0.6666666666666666,0.42471346028645834,5.395666666666667,1.0
2,node,7,0.0,0.4226141409440474,0.0,0.6666666666666666,0.42331201171875,5.425,1.0
2,node,8,0.0,0.41641421751542523,0.0,0.6666666666666666,0.42239143880208335,5.447,1.0
2,node,9,0.0,0.41782786629416724,0.0,0.6666666666666666,0.4217182210286458,5.468666666666667,1.0
2,node,10,0.0,0.4216254841197621,0.0,0.6666666666666666,0.42118204752604166,5.497333333333334,1.0
2,node,11,0.0,0.41859999569979583,0.0,0.6666666666666666,0.42054939778645833,5.511333333333333,1.0
2,node,12,0.0,0.42086666280573065,0.0,0.6666666666666666,0.4201407877604167,5.530666666666667,1.0
2,node,13,0.0,0.4181429689580744,0.0,0.6666666666666666,0.41968998209635416,5.524333333333334,1.0
2,node,14,0.0,0.4164853962984952,0.0,0.6666666666666666,0.4192203776041667,5.532,1.0
2,node,15,0.0,0.41699738935990766,0.0,0.6666666666666666,0.4189986165364583,5.530333333333333,1.0
2,node,16,0.0,0.41772625663063745,0.0,0.6666666666666666,0.4186872151692708,5.536666666666667,1.0
2,node,17,0.0,0.4190319668162953,0.0,0.6666666666666666,0.41830216471354165,5.525666666666667,1.0
2,node,18,0.0,0.4166496016762473,0.0,0.6666666666666666,0.4179539388020833,5.525666666666667,1.0
2,node,19,0.0,0.4176575920798562,0.0,0.6666666666666666,0.4175294189453125,5.501666666666667,1.0
2,node,20,0.0,0.41487485712224786,0.0,0.6666666666666666,0.41698905436197914,5.493,1.0
2,node,21,0.0,0.4145281531594016,0.0,0.6666666666666666,0.4164893798828125,5.482666666666667,1.0
2,node,22,0.0,0.4127078489823775,0.0,0.6666666666666666,0.4159375813802083,5.4736666666666665,1.0
2,node,23,0.0,0.41482188484885474,0.0,0.6666666666666666,0.41505859375,5.472333333333333,1.0
2,node,24,0.0,0.4108413782986728,0.0,0.6666666666666666,0.41406754557291664,5.447333333333333,1.0
2,node,25,0.0,0.41070816733620386,0.0,0.6666666666666666,0.4129046223958333,5.472333333333333,1.0
2,node,26,0.0,0.40882101925936615,0.0,0.6666666666666666,0.4115236002604167,5.467666666666666,1.0
2,node,27,0.0,0.4095399596474387,0.0,0.6666666666666666,0.40966646321614586,5.457,1.0
2,node,28,0.0,0.4073795405301181,0.0,0.6666666666666666,0.40748116048177085,5.435333333333333,1.0
2,node,29,0.0,0.40400769493796607,0.0,0.6666666666666666,0.4050869954427083,5.443,1.0
2,node,30,0.0,0.39569698680530896,0.0,0.6666666666666666,0.4020247802734375,5.398333333333333,1.0
2,node,31,0.0,0.39519101923162286,0.0,0.6666666666666666,0.398323486328125,5.417,1.0
2,node,32,0.0,0.3913115588101474,0.0,0.6666666666666666,0.3938187662760417,5.379,1.0
2,node,33,0.0,0.38451879674738104,0.0,0.6666666666666666,0.38851904296875,5.390666666666666,1.0
2,node,34,0.0,0.3778258236971768,0.0,0.6666666666666666,0.3812230224609375,5.448,1.0
2,node,35,0.0,0.3682432174682617,0.0,0.6666666666666666,0.37145699055989584,5.537333333333334,1.0
2,node,36,0.0,0.3582862507213246,0.0,0.6636666666666666,0.3590127766927083,5.683333333333334,1.0
2,node,37,0.0,0.34431279789317737,0.0,0.6346666666666667,0.3492752685546875,5.994,1.0
2,node,38,0.0,0.3377186818556352,0.0,0.6663333333333333,0.34576826985677084,6.267,1.0
2,node,39,0.0,0.3340012160214511,0.0,0.6663333333333333,0.3441925455729167,6.4126666666666665,1.0
2,node,40,0.0,0.3312358856201172,0.0,0.6663333333333333,0.34259708658854165,6.442333333333333,1.0
2,node,41,0.0,0.33001201803034,0.0,0.6666666666666666,0.34128725179036457,6.425666666666666,1.0
2,node,42,0.0,0.3294089273972945,0.0,0.6666666666666666,0.3408819986979167,6.507,1.0
2,node,43,0.0,0.3304938619787043,0.0,0.6666666666666666,0.3406397705078125,6.578333333333333,1.0
2,node,44,0.0,0.3290182893926447,0.0,0.6663333333333333,0.3399590047200521,6.606,1.0
2,node,45,0.0,0.3303447203202681,0.0,0.667,0.3394256591796875,6.602,1.0
2,node,46,0.0,0.3285027200525457,0.0,0.6656666666666666,0.33923197428385415,6.631,1.0
2,node,47,0.0,0.3281295733018355,0.0,0.6663333333333333,0.3388477172851562,6.644333333333333,1.0
2,node,48,0.0,0.32747145132585004,0.0,0.6663333333333333,0.3386539306640625,6.681666666666667,1.0
2,node,49,0.0,0.32880425453186035,0.0,0.666,0.3386454264322917,6.686333333333334,1.0
2,node,50,0.0,0.32679774544455786,0.0,0.666,0.33829534912109377,6.684,1.0
2,node,51,0.0,0.3278370120308616,0.0,0.6656666666666666,0.33806520589192707,6.658333333333333,1.0
2,node,52,0.0,0.3269691467285156,0.0,0.6663333333333333,0.3375733642578125,6.749,1.0
2,node,53,0.0,0.326501109383323,0.0,0.6676666666666666,0.3371024576822917,6.770666666666667,1.0
2,node,54,0.0,0.3275712186639959,0.0,0.6666666666666666,0.33730057779947914,6.767333333333333,1.0
2,node,55,0.0,0.32728212529962714,0.0,0.667,0.3370535685221354,6.8293333333333335,1.0
2,node,56,0.0,0.3265564441680908,0.0,0.668,0.3365852457682292,6.741,1.0
2,node,57,0.0,0.3278248526833274,0.0,0.6676666666666666,0.33659393310546876,6.765333333333333,1.0
2,node,58,0.0,0.32814760641618207,0.0,0.666,0.3370717163085937,6.7603333333333335,1.0
2,node,59,0.0,0.3262259743430398,0.0,0.6676666666666666,0.3364517822265625,6.786333333333333,1.0
2,node,60,0.0,0.3256460970098322,0.0,0.6666666666666666,0.3363664957682292,6.786,1.0
2,node,61,0.0,0.3259152499112216,0.0,0.6666666666666666,0.3365306599934896,6.811,1.0
2,node,62,0.0,0.32588755000721326,0.0,0.6663333333333333,0.3368514811197917,6.813,1.0
2,node,63,0.0,0.3280665874481201,0.0,0.6663333333333333,0.3364261474609375,6.789333333333333,1.0
2,node,64,0.0,0.3266458077864213,0.0,0.6663333333333333,0.3364536336263021,6.783,1.0
2,node,65,0.0,0.32686448097229004,0.0,0.667,0.3358876953125,6.754333333333333,1.0
2,node,66,0.0,0.3269593498923562,0.0,0.6663333333333333,0.3360545654296875,6.7683333333333335,1.0
2,node,67,0.0,0.3254265134984797,0.0,0.6666666666666666,0.3359981282552083,6.814333333333333,1.0
2,node,68,0.0,0.3238870230588046,0.0,0.6663333333333333,0.33601407877604167,6.841333333333333,1.0
2,node,69,0.0,0.32740443403070624,0.0,0.6663333333333333,0.3358349405924479,6.838666666666667,1.0
2,node,70,0.0,0.32546195116910065,0.0,0.6663333333333333,0.33610036214192707,6.836666666666667,1.0
2,node,71,0.0,0.32773902199485083,0.0,0.6663333333333333,0.3361873779296875,6.886,1.0
2,node,72,0.0,0.3262605667114258,0.0,0.6666666666666666,0.33574249267578127,6.839333333333333,1.0
2,node,73,0.0,0.3243101076646285,0.0,0.6663333333333333,0.33580668131510416,6.876333333333333,1.0
2,node,74,0.0,0.3256585814736106,0.0,0.6673333333333333,0.33540486653645835,6.881,1.0
2,node,75,0.0,0.3261839476498691,0.0,0.6663333333333333,0.33558868408203124,6.908,1.0
2,node,76,0.0,0.3256372104991566,0.0,0.6663333333333333,0.33557981363932293,6.908,1.0
2,node,77,0.0,0.3274677883494984,0.0,0.6666666666666666,0.33520491536458336,6.8726666666666665,1.0
2,node,78,0.0,0.3277369195764715,0.0,0.666,0.33532816569010415,6.878,1.0
2,node,79,0.0,0.3256021196191961,0.0,0.6663333333333333,0.335212890625,6.85,1.0
2,node,80,0.0,0.32545126568187366,0.0,0.6666666666666666,0.3354145304361979,6.9013333333333335,1.0
2,node,81,0.0,0.32570934295654297,0.0,0.667,0.33532244873046874,6.898666666666666,1.0
2,node,82,0.0,0.3235829309983687,0.0,0.6666666666666666,0.3352603352864583,6.89,1.0
2,node,83,0.0,0.3229674859480424,0.0,0.6663333333333333,0.33539225260416666,6.89,1.0
2,node,84,0.0,0.3254720080982555,0.0,0.6663333333333333,0.3352643839518229,6.904,1.0
2,node,85,0.0,0.3264736912467263,0.0,0.6663333333333333,0.33514835611979166,6.943666666666667,1.0
2,node,86,0.0,0.32549912279302423,0.0,0.6656666666666666,0.3355754191080729,6.982666666666667,1.0
2,node,87,0.0,0.32715689052235,0.0,0.6663333333333333,0.3351483154296875,6.95,1.0
2,node,88,0.0,0.32468104362487793,0.0,0.6666666666666666,0.3349821370442708,6.952333333333334,1.0
2,node,89,0.0,0.3256476575678045,0.0,0.6663333333333333,0.33482279459635417,6.967333333333333,1.0
2,node,90,0.0,0.32382579283280805,0.0,0.6663333333333333,0.334963623046875,6.941666666666666,1.0
2,node,91,0.0,0.3239126205444336,0.0,0.6666666666666666,0.3350259602864583,6.942333333333333,1.0
2,node,92,0.0,0.3266566883433949,0.0,0.667,0.33514705403645834,6.941666666666666,1.0
2,node,93,0.0,0.3239126638932662,0.0,0.6663333333333333,0.3351862386067708,6.94,1.0
2,node,94,0.0,0.32657337188720703,0.0,0.6663333333333333,0.3349417724609375,6.9303333333333335,1.0
2,node,95,0.0,0.32653301412409,0.0,0.668,0.33484147135416664,6.89,1.0
2,node,96,0.0,0.3241585818204013,0.0,0.666,0.33475335693359376,6.916,1.0
2,node,97,0.0,0.32412689382379706,0.0,0.6666666666666666,0.3353932088216146,6.86,1.0
2,node,98,0.0,0.32523983175104315,0.0,0.666,0.3357493896484375,6.912,1.0
2,node,99,0.0,0.3242172327908603,0.0,0.666,0.33521197509765627,6.921333333333333,1.0
3,node,0,0.0,0.5980294400995428,0.0,0.416,0.486455078125,4.983333333333333,1.0
3,node,1,0.0,0.45091949809681287,0.0,0.6666666666666666,0.4309132893880208,5.364333333333334,1.0
3,node,2,0.0,0.4254843971946023,0.0,0.6666666666666666,0.4216875,5.475333333333333,1.0
3,node,3,0.0,0.4213888861916282,0.0,0.6666666666666666,0.4190475260416667,5.53,1.0
3,node,4,0.0,0.4202309521761807,0.0,0.6666666666666666,0.41814982096354164,5.615666666666667,1.0
3,node,5,0.0,0.41724985296075995,0.0,0.6666666666666666,0.4175155029296875,5.678333333333334,1.0
3,node,6,0.0,0.41586416417902167,0.0,0.6666666666666666,0.41723893229166664,5.697666666666667,1.0
3,node,7,0.0,0.4153251214460893,0.0,0.6666666666666666,0.4169780680338542,5.749,1.0
3,node,8,0.0,0.4190193089571866,0.0,0.6666666666666666,0.4167967529296875,5.752666666666666,1.0
3,node,9,0.0,0.4157915548844771,0.0,0.6666666666666666,0.4166407470703125,5.783666666666667,1.0
3,node,10,0.0,0.41454072432084516,0.0,0.6666666666666666,0.41657861328125,5.782,1.0
3,node,11,0.0,0.41567663712935016,0.0,0.6666666666666666,0.4163961995442708,5.812333333333333,1.0
3,node,12,0.0,0.4162803129716353,0.0,0.6666666666666666,0.41620528157552084,5.779,1.0
3,node,13,0.0,0.4148352362892844,0.0,0.6666666666666666,0.4161430257161458,5.7956666666666665,1.0
3,node,14,0.0,0.4157439578663219,0.0,0.6666666666666666,0.4159510091145833,5.772,1.0
3,node,15,0.0,0.4175258116288619,0.0,0.6666666666666666,0.4157808837890625,5.757,1.0
3,node,16,0.0,0.4137933470986106,0.0,0.6666666666666666,0.4155531005859375,5.766,1.0
3,node,17,0.0,0.4164271788163619,0.0,0.6666666666666666,0.415267333984375,5.761666666666667,1.0
3,node,18,0.0,0.41691376946189185,0.0,0.6666666666666666,0.4149685465494792,5.781,1.0
3,node,19,0.0,0.4167175726457076,0.0,0.6666666666666666,0.41468794759114586,5.801666666666667,1.0
3,node,20,0.0,0.4154451977122914,0.0,0.6666666666666666,0.4142193196614583,5.803,1.0
3,node,21,0.0,0.4125365777449174,0.0,0.6666666666666666,0.413798095703125,5.778,1.0
3,node,22,0.0,0.4119897322221236,0.0,0.6666666666666666,0.4132349853515625,5.711666666666667,1.0
3,node,23,0.0,0.41452841325239703,0.0,0.6666666666666666,0.412582275390625,5.6706666666666665,1.0
3,node,24,0.0,0.40742280266501685,0.0,0.6666666666666666,0.411990478515625,5.616,1.0
3,node,25,0.0,0.40735041011463513,0.0,0.6666666666666666,0.41072627766927083,5.562666666666667,1.0
3,node,26,0.0,0.40975379943847656,0.0,0.6666666666666666,0.40932560221354164,5.500333333333334,1.0
3,node,27,0.0,0.4106656421314586,0.0,0.6666666666666666,0.40744429524739584,5.447666666666667,1.0
3,node,28,0.0,0.40610538829456677,0.0,0.6666666666666666,0.404795166015625,5.410666666666667,1.0
3,node,29,0.0,0.4029220234264027,0.0,0.6666666666666666,0.4013375651041667,5.359333333333334,1.0
3,node,30,0.0,0.39994781667535956,0.0,0.6666666666666666,0.39665629069010416,5.3293333333333335,1.0
3,node,31,0.0,0.39479333704168146,0.0,0.6666666666666666,0.390381103515625,5.259,1.0
3,node,32,0.0,0.38708019256591797,0.0,0.6666666666666666,0.3826621500651042,5.179333333333333,1.0
3,node,33,0.0,0.37736771323464136,0.0,0.6666666666666666,0.3742152099609375,5.243666666666667,1.0
3,node,34,0.0,0.36798269098455255,0.0,0.6666666666666666,0.3655890706380208,5.37,1.0
3,node,35,0.0,0.36167647621848364,0.0,0.666,0.3589185384114583,5.485666666666667,1.0
3,node,36,0.0,0.35696298425847833,0.0,0.6626666666666666,0.35480615234375,5.586666666666667,1.0
3,node,37,0.0,0.3525741533799605,0.0,0.6626666666666666,0.3515501302083333,5.703,1.0
3,node,38,0.0,0.3498553146015514,0.0,0.6626666666666666,0.3495118408203125,5.855,1.0
3,node,39,0.0,0.3497751626101407,0.0,0.6643333333333333,0.3480801595052083,5.981,1.0
3,node,40,0.0,0.34686444022438745,0.0,0.6626666666666666,0.3466151123046875,6.037,1.0
3,node,41,0.0,0.3465408411892978,0.0,0.6633333333333333,0.34580810546875,6.107,1.0
3,node,42,0.0,0.34381814436479047,0.0,0.6633333333333333,0.3452425130208333,6.176666666666667,1.0
3,node,43,0.0,0.34299807115034625,0.0,0.664,0.34449983723958333,6.216666666666667,1.0
3,node,44,0.0,0.34353026476773346,0.0,0.6613333333333333,0.34448445638020836,6.263333333333334,1.0
3,node,45,0.0,0.3426565473729914,0.0,0.663,0.34350752766927084,6.232,1.0
3,node,46,0.0,0.34276834401217376,0.0,0.6616666666666666,0.34309151204427085,6.264,1.0
3,node,47,0.0,0.3429541371085427,0.0,0.6643333333333333,0.3426863199869792,6.280666666666667,1.0
3,node,48,0.0,0.3417719060724432,0.0,0.6643333333333333,0.3423678792317708,6.301,1.0
3,node,49,0.0,0.34290647506713867,0.0,0.6623333333333333,0.3421827392578125,6.275333333333333,1.0
3,node,50,0.0,0.3418790643865412,0.0,0.664,0.34203011067708333,6.279333333333334,1.0
3,node,51,0.0,0.3414674021980979,0.0,0.6653333333333333,0.3418099365234375,6.31,1.0
3,node,52,0.0,0.3406591848893599,0.0,0.6653333333333333,0.34152693684895835,6.32,1.0
3,node,53,0.0,0.3403200452977961,0.0,0.665,0.3412017415364583,6.336333333333333,1.0
3,node,54,0.0,0.3404927036978982,0.0,0.665,0.3411661173502604,6.373666666666667,1.0
3,node,55,0.0,0.34285090186379175,0.0,0.6646666666666666,0.34095048014322915,6.3613333333333335,1.0
3,node,56,0.0,0.3414873860099099,0.0,0.6646666666666666,0.3406761067708333,6.414666666666666,1.0
3,node,57,0.0,0.3410918712615967,0.0,0.6643333333333333,0.34059842936197915,6.456666666666667,1.0
3,node,58,0.0,0.3398063399574973,0.0,0.665,0.34030183919270834,6.492666666666667,1.0
3,node,59,0.0,0.3400805213234641,0.0,0.6663333333333333,0.3403539428710938,6.528,1.0
3,node,60,0.0,0.3390679792924361,0.0,0.6666666666666666,0.33994647216796875,6.573333333333333,1.0
3,node,61,0.0,0.339146917516535,0.0,0.6656666666666666,0.339865478515625,6.556333333333333,1.0
3,node,62,0.0,0.33869721672751685,0.0,0.6663333333333333,0.3399189046223958,6.560666666666667,1.0
3,node,63,0.0,0.3394126675345681,0.0,0.666,0.3398756306966146,6.588666666666667,1.0
3,node,64,0.0,0.34023141860961914,0.0,0.6643333333333333,0.33957828776041665,6.607,1.0
3,node,65,0.0,0.34055027094754303,0.0,0.663,0.33925982666015625,6.6513333333333335,1.0
3,node,66,0.0,0.33895030888644134,0.0,0.666,0.33911433919270834,6.642333333333333,1.0
3,node,67,0.0,0.3393402966586026,0.0,0.666,0.3390246175130208,6.6626666666666665,1.0
3,node,68,0.0,0.34040598435835406,0.0,0.6666666666666666,0.33891068522135415,6.722666666666667,1.0
3,node,69,0.0,0.33981149846857245,0.0,0.6663333333333333,0.33876896158854164,6.708,1.0
3,node,70,0.0,0.3391125202178955,0.0,0.6653333333333333,0.33887019856770834,6.762333333333333,1.0
3,node,71,0.0,0.3392234498804266,0.0,0.666,0.33884722900390624,6.787,1.0
3,node,72,0.0,0.33897768367420544,0.0,0.6663333333333333,0.3385865681966146,6.800666666666666,1.0
3,node,73,0.0,0.33510665460066363,0.0,0.6656666666666666,0.3383431396484375,6.8196666666666665,1.0
3,node,74,0.0,0.3376683538610285,0.0,0.6666666666666666,0.33856282552083333,6.8566666666666665,1.0
3,node,75,0.0,0.3383158336986195,0.0,0.6666666666666666,0.338309326171875,6.827,1.0
3,node,76,0.0,0.33748917146162555,0.0,0.667,0.3382720947265625,6.845666666666666,1.0
3,node,77,0.0,0.33706357262351294,0.0,0.667,0.3382628377278646,6.875,1.0
3,node,78,0.0,0.3377704620361328,0.0,0.6653333333333333,0.3383099161783854,6.825333333333333,1.0
3,node,79,0.0,0.3383831110867587,0.0,0.6426666666666667,0.3385617879231771,6.829,1.0
3,node,80,0.0,0.33879325606606225,0.0,0.665,0.3383139444986979,6.862,1.0
3,node,81,0.0,0.33687229589982465,0.0,0.6646666666666666,0.3381106770833333,6.846333333333333,1.0
3,node,82,0.0,0.33624599196694116,0.0,0.665,0.33814276123046877,6.847,1.0
3,node,83,0.0,0.33676006577231665,0.0,0.6643333333333333,0.3382210693359375,6.911,1.0
3,node,84,0.0,0.33757456866177643,0.0,0.6636666666666666,0.33832684326171875,6.851,1.0
3,node,85,0.0,0.3380690704692494,0.0,0.581,0.3381917724609375,6.865333333333333,1.0
3,node,86,0.0,0.33693142370744184,0.0,0.6616666666666666,0.33796352132161456,6.878333333333333,1.0
3,node,87,0.0,0.33778892863880505,0.0,0.665,0.3379925537109375,6.857333333333333,1.0
3,node,88,0.0,0.33742317286404694,0.0,0.665,0.3382482299804688,6.857,1.0
3,node,89,0.0,0.3401461514559659,0.0,0.6646666666666666,0.3384251912434896,6.8373333333333335,1.0
3,node,90,0.0,0.33793850378556684,0.0,0.6566666666666666,0.33859625244140623,6.757666666666666,1.0
3,node,91,0.0,0.33800424229015,0.0,0.662,0.3384653727213542,6.737666666666667,1.0
3,node,92,0.0,0.34026913209394977,0.0,0.6616666666666666,0.3385885009765625,6.743,1.0
3,node,93,0.0,0.3364404548298229,0.0,0.663,0.33812430826822915,6.801,1.0
3,node,94,0.0,0.33940453962846234,0.0,0.6656666666666666,0.3382418009440104,6.823333333333333,1.0
3,node,95,0.0,0.3365333513780074,0.0,0.6663333333333333,0.33820235188802084,6.832333333333334,1.0
3,node,96,0.0,0.3367521112615412,0.0,0.665,0.33827880859375,6.830333333333333,1.0
3,node,97,0.0,0.3377226265993985,0.0,0.6636666666666666,0.3383970743815104,6.834,1.0
3,node,98,0.0,0.337057807228782,0.0,0.667,0.33788877360026043,6.844333333333333,1.0
3,node,99,0.0,0.3368086814880371,0.0,0.6616666666666666,0.338034912109375,6.831,1.0
4,node,0,0.0,0.741731730374423,0.0,0.3333333333333333,0.6785850830078125,4.604333333333333,1.0
4,node,1,0.0,0.6196279092268511,0.0,0.59,0.5614169921875,4.8293333333333335,1.0
4,node,2,0.0,0.5207642208446156,0.0,0.33866666666666667,0.485042724609375,4.924,1.0
4,node,3,0.0,0.46305829828435724,0.0,0.6666666666666666,0.4498151448567708,4.94,1.0
4,node,4,0.0,0.44227483055808325,0.0,0.6666666666666666,0.4361649576822917,5.013,1.0
4,node,5,0.0,0.42939437519420276,0.0,0.6666666666666666,0.4307645263671875,5.123,1.0
4,node,6,0.0,0.4235712398182262,0.0,0.6666666666666666,0.4276138509114583,5.163,1.0
4,node,7,0.0,0.4286924275484952,0.0,0.6666666666666666,0.4255974934895833,5.206,1.0
4,node,8,0.0,0.42483295093883167,0.0,0.6666666666666666,0.4246149495442708,5.2796666666666665,1.0
4,node,9,0.0,0.4220182245427912,0.0,0.6666666666666666,0.4240289713541667,5.259666666666667,1.0
4,node,10,0.0,0.42386588183316315,0.0,0.6666666666666666,0.42285591634114583,5.321666666666666,1.0
4,node,11,0.0,0.4206843809647994,0.0,0.6666666666666666,0.422162841796875,5.3,1.0
4,node,12,0.0,0.4193317239934748,0.0,0.6666666666666666,0.421587890625,5.326666666666667,1.0
4,node,13,0.0,0.4194158207286488,0.0,0.6666666666666666,0.42129264322916665,5.4,1.0
4,node,14,0.0,0.4206143726002086,0.0,0.6666666666666666,0.4209324951171875,5.397666666666667,1.0
4,node,15,0.0,0.4190965565768155,0.0,0.6666666666666666,0.4205933837890625,5.43,1.0
4,node,16,0.0,0.4182015332308682,0.0,0.6666666666666666,0.42024560546875,5.421666666666667,1.0
4,node,17,0.0,0.4150023026899858,0.0,0.6666666666666666,0.41987491861979165,5.450333333333333,1.0
4,node,18,0.0,0.4209856553511186,0.0,0.6666666666666666,0.419650634765625,5.475333333333333,1.0
4,node,19,0.0,0.41780996322631836,0.0,0.6666666666666666,0.41948681640625,5.487666666666667,1.0
4,node,20,0.0,0.42362412539395417,0.0,0.6666666666666666,0.419299560546875,5.491,1.0
4,node,21,0.0,0.4204227707602761,0.0,0.6666666666666666,0.4191534016927083,5.519666666666667,1.0
4,node,22,0.0,0.41789913177490234,0.0,0.6666666666666666,0.419023681640625,5.534666666666666,1.0
4,node,23,0.0,0.4201719110662287,0.0,0.6666666666666666,0.4188060302734375,5.528,1.0
4,node,24,0.0,0.4185627590526234,0.0,0.6666666666666666,0.41890498860677083,5.541,1.0
4,node,25,0.0,0.420097524469549,0.0,0.6666666666666666,0.4186741943359375,5.554666666666667,1.0
4,node,26,0.0,0.4179663224653764,0.0,0.6666666666666666,0.41863911946614585,5.571,1.0
4,node,27,0.0,0.4163732962174849,0.0,0.6666666666666666,0.418603271484375,5.555,1.0
4,node,28,0.0,0.4207582473754883,0.0,0.6666666666666666,0.4188096923828125,5.603,1.0
4,node,29,0.0,0.4193018132990057,0.0,0.6666666666666666,0.418318359375,5.590333333333334,1.0
4,node,30,0.0,0.4170049320567738,0.0,0.6666666666666666,0.4183509521484375,5.621666666666667,1.0
4,node,31,0.0,0.4189882278442383,0.0,0.6666666666666666,0.418244873046875,5.6146666666666665,1.0
4,node,32,0.0,0.4184018481861461,0.0,0.6666666666666666,0.4181968994140625,5.632666666666666,1.0
4,node,33,0.0,0.420092756097967,0.0,0.6666666666666666,0.4181827799479167,5.642,1.0
4,node,34,0.0,0.41842777078801935,0.0,0.6666666666666666,0.418126708984375,5.628,1.0
4,node,35,0.0,0.41972320730035956,0.0,0.6666666666666666,0.41824910481770833,5.658666666666667,1.0
4,node,36,0.0,0.41648305546153674,0.0,0.6666666666666666,0.41800154622395835,5.639333333333333,1.0
4,node,37,0.0,0.4169012416492809,0.0,0.6666666666666666,0.41781632486979164,5.669666666666667,1.0
4,node,38,0.0,0.41719805110584607,0.0,0.6666666666666666,0.41790580240885417,5.665,1.0
4,node,39,0.0,0.4161888469349254,0.0,0.6666666666666666,0.417790283203125,5.6723333333333334,1.0
4,node,40,0.0,0.4200858636335893,0.0,0.6666666666666666,0.41770458984375,5.694,1.0
4,node,41,0.0,0.41989356821233575,0.0,0.6666666666666666,0.4177786051432292,5.671,1.0
4,node,42,0.0,0.4213265939192338,0.0,0.6666666666666666,0.417942138671875,5.722666666666667,1.0
4,node,43,0.0,0.4176926612854004,0.0,0.6666666666666666,0.4176715087890625,5.677666666666667,1.0
4,node,44,0.0,0.41667240316217596,0.0,0.6666666666666666,0.417458984375,5.730666666666667,1.0
4,node,45,0.0,0.4225804155523127,0.0,0.6666666666666666,0.41753340657552085,5.746666666666667,1.0
4,node,46,0.0,0.4147307656028054,0.0,0.6666666666666666,0.41760205078125,5.696,1.0
4,node,47,0.0,0.4179110527038574,0.0,0.6666666666666666,0.4172012939453125,5.718,1.0
4,node,48,0.0,0.416276064786044,0.0,0.6666666666666666,0.4173619384765625,5.722333333333333,1.0
4,node,49,0.0,0.41604401848532935,0.0,0.6666666666666666,0.4170235595703125,5.722,1.0
4,node,50,0.0,0.4147402589971369,0.0,0.6666666666666666,0.4169051513671875,5.745,1.0
4,node,51,0.0,0.4170655337246982,0.0,0.6666666666666666,0.41672054036458334,5.766333333333334,1.0
4,node,52,0.0,0.4176887165416371,0.0,0.6666666666666666,0.4166822509765625,5.737,1.0
4,node,53,0.0,0.41890031641179865,0.0,0.6666666666666666,0.416444580078125,5.7636666666666665,1.0
4,node,54,0.0,0.415010235526345,0.0,0.6666666666666666,0.41633333333333333,5.763333333333334,1.0
4,node,55,0.0,0.41721647435968573,0.0,0.6666666666666666,0.41619795735677084,5.791,1.0
4,node,56,0.0,0.41759889776056464,0.0,0.6666666666666666,0.41601656087239586,5.798,1.0
4,node,57,0.0,0.4142373258417303,0.0,0.6666666666666666,0.41556083170572916,5.786333333333333,1.0
4,node,58,0.0,0.4165177345275879,0.0,0.6666666666666666,0.415224853515625,5.792333333333334,1.0
4,node,59,0.0,0.41363711790605023,0.0,0.6666666666666666,0.41483133951822915,5.783333333333333,1.0
4,node,60,0.0,0.4154528704556552,0.0,0.6666666666666666,0.41433158365885414,5.763,1.0
4,node,61,0.0,0.4152379469438033,0.0,0.6666666666666666,0.41378755696614583,5.759333333333333,1.0
4,node,62,0.0,0.41546600515192206,0.0,0.6666666666666666,0.41311958821614586,5.746666666666667,1.0
4,node,63,0.0,0.4131960868835449,0.0,0.6666666666666666,0.41236319986979164,5.728,1.0
4,node,64,0.0,0.4092578887939453,0.0,0.6666666666666666,0.4114074300130208,5.687,1.0
4,node,65,0.0,0.411297624761408,0.0,0.6666666666666666,0.41045182291666665,5.635666666666666,1.0
4,node,66,0.0,0.4067071567882191,0.0,0.6666666666666666,0.4093424072265625,5.623,1.0
4,node,67,0.0,0.40709794651378284,0.0,0.6666666666666666,0.4081089274088542,5.582666666666666,1.0
4,node,68,0.0,0.40463707663796167,0.0,0.6666666666666666,0.4067365315755208,5.567,1.0
4,node,69,0.0,0.40488529205322266,0.0,0.6666666666666666,0.40525077311197916,5.554,1.0
4,node,70,0.0,0.40228934721513226,0.0,0.6666666666666666,0.403851318359375,5.54,1.0
4,node,71,0.0,0.4006322513927113,0.0,0.6666666666666666,0.4020084635416667,5.535333333333333,1.0
4,node,72,0.0,0.4002650434320623,0.0,0.6666666666666666,0.4000667724609375,5.5553333333333335,1.0
4,node,73,0.0,0.3959781906821511,0.0,0.6666666666666666,0.398010986328125,5.555666666666666,1.0
4,node,74,0.0,0.39702302759343927,0.0,0.6666666666666666,0.3955506591796875,5.623666666666667,1.0
4,node,75,0.0,0.3927617940035733,0.0,0.6666666666666666,0.39244384765625,5.637,1.0
4,node,76,0.0,0.390362176028165,0.0,0.6666666666666666,0.3891369222005208,5.687333333333333,1.0
4,node,77,0.0,0.3852170597423207,0.0,0.6666666666666666,0.3833406168619792,5.754666666666667,1.0
4,node,78,0.0,0.38183814829046075,0.0,0.6666666666666666,0.3746897379557292,5.852333333333333,1.0
4,node,79,0.0,0.36551224101673474,0.0,0.6666666666666666,0.3608827311197917,6.027333333333333,1.0
4,node,80,0.0,0.3518429019234397,0.0,0.5996666666666667,0.3450585123697917,6.257,1.0
4,node,81,0.0,0.3411276340484619,0.0,0.6723333333333333,0.3393134562174479,6.626,1.0
4,node,82,0.0,0.3361851302060214,0.0,0.6723333333333333,0.3384313151041667,6.787333333333334,1.0
4,node,83,0.0,0.3389467542821711,0.0,0.672,0.3363833211263021,6.7956666666666665,1.0
4,node,84,0.0,0.3347147378054532,0.0,0.672,0.335997314453125,6.796,1.0
4,node,85,0.0,0.33658742904663086,0.0,0.673,0.3351632690429687,6.828333333333333,1.0
4,node,86,0.0,0.3342647769234397,0.0,0.672,0.3347842203776042,6.964,1.0
4,node,87,0.0,0.3337678692557595,0.0,0.6716666666666666,0.33445817057291666,6.983333333333333,1.0
4,node,88,0.0,0.3347389047796076,0.0,0.6726666666666666,0.3341477254231771,6.971666666666667,1.0
4,node,89,0.0,0.33280129866166547,0.0,0.6726666666666666,0.33385286458333335,7.000666666666667,1.0
4,node,90,0.0,0.335130127993497,0.0,0.6726666666666666,0.3336728312174479,7.0473333333333334,1.0
4,node,91,0.0,0.3338598771528764,0.0,0.6726666666666666,0.3335383504231771,7.080666666666667,1.0
4,node,92,0.0,0.3339333750984885,0.0,0.6726666666666666,0.33337874348958335,7.112,1.0
4,node,93,0.0,0.33436924760991876,0.0,0.6726666666666666,0.3331015625,7.106,1.0
4,node,94,0.0,0.33324037898670544,0.0,0.6716666666666666,0.33326381429036456,7.121333333333333,1.0
4,node,95,0.0,0.3320459019054066,0.0,0.672,0.33313909912109374,7.111666666666666,1.0
4,node,96,0.0,0.3332389918240634,0.0,0.673,0.3330383097330729,7.166666666666667,1.0
4,node,97,0.0,0.3334540237079967,0.0,0.6733333333333333,0.3325797322591146,7.140666666666666,1.0
4,node,98,0.0,0.3335438208146529,0.0,0.6716666666666666,0.3328353271484375,7.205,1.0
4,node,99,0.0,0.33294348283247516,0.0,0.6726666666666666,0.3327732137044271,7.156666666666666,1.0
5,node,0,0.0,0.6578076102516868,0.0,0.487,0.5666965738932291,4.811,1.0
5,node,1,0.0,0.5142978754910555,0.0,0.4156666666666667,0.4718707275390625,5.041666666666667,1.0
5,node,2,0.0,0.44933470812710846,0.0,0.6666666666666666,0.43473604329427085,5.208666666666667,1.0
5,node,3,0.0,0.42610571601174096,0.0,0.6666666666666666,0.42526851399739585,5.416666666666667,1.0
5,node,4,0.0,0.42295083132657135,0.0,0.6666666666666666,0.42219287109375,5.542333333333334,1.0
5,node,5,0.0,0.423483978618275,0.0,0.6666666666666666,0.42086580403645835,5.619,1.0
5,node,6,0.0,0.4201415235346014,0.0,0.6666666666666666,0.42002298990885417,5.659666666666666,1.0
5,node,7,0.0,0.41819251667369495,0.0,0.6666666666666666,0.4194344889322917,5.6706666666666665,1.0
5,node,8,0.0,0.4166629097678445,0.0,0.6666666666666666,0.41910026041666665,5.684333333333333,1.0
5,node,9,0.0,0.4186317270452326,0.0,0.6666666666666666,0.41864518229166664,5.706666666666667,1.0
5,node,10,0.0,0.42052997242320667,0.0,0.6666666666666666,0.41850162760416665,5.699666666666666,1.0
5,node,11,0.0,0.4148012941533869,0.0,0.6666666666666666,0.41797200520833333,5.693333333333333,1.0
5,node,12,0.0,0.4167460528287021,0.0,0.6666666666666666,0.4176552734375,5.669666666666667,1.0
5,node,13,0.0,0.4180316058072177,0.0,0.6666666666666666,0.41725830078125,5.679666666666667,1.0
5,node,14,0.0,0.41685555197975854,0.0,0.6666666666666666,0.41674951171875,5.673,1.0
5,node,15,0.0,0.4152097702026367,0.0,0.6666666666666666,0.4161885579427083,5.628666666666667,1.0
5,node,16,0.0,0.4175733219493519,0.0,0.6666666666666666,0.4155741780598958,5.602,1.0
5,node,17,0.0,0.41613847559148615,0.0,0.6666666666666666,0.4146671142578125,5.579666666666666,1.0
5,node,18,0.0,0.41509147123856976,0.0,0.6666666666666666,0.41333203125,5.458,1.0
5,node,19,0.0,0.40989377281882544,0.0,0.6666666666666666,0.41172111002604167,5.4943333333333335,1.0
5,node,20,0.0,0.4086295041170987,0.0,0.6666666666666666,0.4087391764322917,5.354,1.0
5,node,21,0.0,0.40780709006569604,0.0,0.6666666666666666,0.40485498046875,5.360666666666667,1.0
5,node,22,0.0,0.39688045328313654,0.0,0.6666666666666666,0.4000797119140625,5.301666666666667,1.0
5,node,23,0.0,0.3943310650912198,0.0,0.6666666666666666,0.39400032552083336,5.319333333333334,1.0
5,node,24,0.0,0.39047752727161755,0.0,0.6666666666666666,0.3867296142578125,5.292,1.0
5,node,25,0.0,0.37850054827603424,0.0,0.6666666666666666,0.37831193033854166,5.333333333333333,1.0
5,node,26,0.0,0.37125890905206854,0.0,0.6666666666666666,0.36961555989583333,5.422666666666666,1.0
5,node,27,0.0,0.3637809319929643,0.0,0.6666666666666666,0.36265470377604164,5.561333333333334,1.0
5,node,28,0.0,0.35416635600003327,0.0,0.65,0.3563212483723958,5.819333333333334,1.0
5,node,29,0.0,0.35229641740972345,0.0,0.33166666666666667,0.35258711751302085,6.019333333333333,1.0
5,node,30,0.0,0.349812160838734,0.0,0.562,0.35022998046875,6.195333333333333,1.0
5,node,31,0.0,0.3448661890896884,0.0,0.6423333333333333,0.3494232177734375,6.335333333333334,1.0
5,node,32,0.0,0.343869534405795,0.0,0.64,0.348496337890625,6.4093333333333335,1.0
5,node,33,0.0,0.3452321832830256,0.0,0.6353333333333333,0.3467077229817708,6.426666666666667,1.0
5,node,34,0.0,0.34426734664223413,0.0,0.644,0.3457561848958333,6.483333333333333,1.0
5,node,35,0.0,0.34080607240850275,0.0,0.45866666666666667,0.345224365234375,6.493333333333333,1.0
5,node,36,0.0,0.34190665591846814,0.0,0.604,0.3447774251302083,6.548666666666667,1.0
5,node,37,0.0,0.34133000807328656,0.0,0.641,0.3445811767578125,6.621333333333333,1.0
5,node,38,0.0,0.341227878223766,0.0,0.6483333333333333,0.343596435546875,6.639333333333333,1.0
5,node,39,0.0,0.3410718657753684,0.0,0.6306666666666667,0.343135498046875,6.636333333333333,1.0
5,node,40,0.0,0.34234983270818536,0.0,0.627,0.34328177897135415,6.624333333333333,1.0
5,node,41,0.0,0.3398735089735551,0.0,0.6256666666666667,0.3426448974609375,6.66,1.0
5,node,42,0.0,0.3406117179177024,0.0,0.644,0.3422563883463542,6.63,1.0
5,node,43,0.0,0.33805446191267535,0.0,0.6613333333333333,0.34221712239583335,6.716,1.0
5,node,44,0.0,0.3364927985451438,0.0,0.6486666666666666,0.34164042154947916,6.664666666666666,1.0
5,node,45,0.0,0.33733367919921875,0.0,0.6273333333333333,0.34153519694010415,6.621,1.0
5,node,46,0.0,0.3401163491335782,0.0,0.4553333333333333,0.3412208251953125,6.591,1.0
5,node,47,0.0,0.33870194175026636,0.0,0.64,0.34087833658854166,6.629333333333333,1.0
5,node,48,0.0,0.33826749975031073,0.0,0.6226666666666667,0.3409183553059896,6.635,1.0
5,node,49,0.0,0.33861580761996185,0.0,0.6413333333333333,0.340428955078125,6.693,1.0
5,node,50,0.0,0.33767045627940784,0.0,0.6116666666666667,0.34041060384114585,6.634,1.0
5,node,51,0.0,0.33559164133938874,0.0,0.6603333333333333,0.3402652587890625,6.648,1.0
5,node,52,0.0,0.33644970980557526,0.0,0.558,0.3400931599934896,6.765,1.0
5,node,53,0.0,0.3376625451174649,0.0,0.6636666666666666,0.34007472737630207,6.827333333333334,1.0
5,node,54,0.0,0.3359849886460738,0.0,0.6623333333333333,0.3396276652018229,6.847333333333333,1.0
5,node,55,0.0,0.33812223781238904,0.0,0.662,0.33944828287760415,6.886333333333333,1.0
5,node,56,0.0,0.3363312374461781,0.0,0.6636666666666666,0.33913736979166664,6.868666666666667,1.0
5,node,57,0.0,0.3350653648376465,0.0,0.6083333333333333,0.33896128336588544,6.884,1.0
5,node,58,0.0,0.33558394692160864,0.0,0.6116666666666667,0.33885557047526044,6.895666666666667,1.0
5,node,59,0.0,0.33536915345625445,0.0,0.6503333333333333,0.33878328450520834,6.909,1.0
5,node,60,0.0,0.3340619694102894,0.0,0.6653333333333333,0.3387972412109375,6.987333333333333,1.0
5,node,61,0.0,0.3358624414964156,0.0,0.6186666666666667,0.33873722330729167,6.932,1.0
5,node,62,0.0,0.336641636761752,0.0,0.49233333333333335,0.3383784586588542,6.962,1.0
5,node,63,0.0,0.33502247116782446,0.0,0.6576666666666666,0.33835471598307293,6.902333333333333,1.0
5,node,64,0.0,0.33733994310552423,0.0,0.642,0.33821402994791666,6.9,1.0
5,node,65,0.0,0.3349300731312145,0.0,0.662,0.33839845784505207,6.899333333333334,1.0
5,node,66,0.0,0.33361200852827594,0.0,0.663,0.33836088053385416,6.878666666666667,1.0
5,node,67,0.0,0.3361635858362371,0.0,0.6303333333333333,0.33835107421875,6.849333333333333,1.0
5,node,68,0.0,0.3349669196388938,0.0,0.624,0.33812443033854167,6.898666666666666,1.0
5,node,69,0.0,0.3358796076341109,0.0,0.647,0.3381458129882812,6.889333333333333,1.0
5,node,70,0.0,0.3363923159512607,0.0,0.655,0.3379605712890625,6.878,1.0
5,node,71,0.0,0.3342413685538552,0.0,0.654,0.3381224365234375,6.862666666666667,1.0
5,node,72,0.0,0.33455434712496673,0.0,0.6556666666666666,0.3384832967122396,6.933333333333334,1.0
5,node,73,0.0,0.33620210127397016,0.0,0.6133333333333333,0.33862799072265626,6.895,1.0
5,node,74,0.0,0.33458724888888275,0.0,0.449,0.3383428548177083,6.802666666666667,1.0
5,node,75,0.0,0.33483128114180133,0.0,0.611,0.33822552490234375,6.829,1.0
5,node,76,0.0,0.33642148971557617,0.0,0.6593333333333333,0.3380947265625,6.854,1.0
5,node,77,0.0,0.334335522218184,0.0,0.655,0.3380990193684896,6.8773333333333335,1.0
5,node,78,0.0,0.3351981423117898,0.0,0.6383333333333333,0.33794551595052086,6.877666666666666,1.0
5,node,79,0.0,0.3343492421236905,0.0,0.6616666666666666,0.33797721354166665,6.8773333333333335,1.0
5,node,80,0.0,0.33433886007829144,0.0,0.64,0.33783015950520834,6.872,1.0
5,node,81,0.0,0.33491175824945624,0.0,0.5686666666666667,0.33769696044921876,6.836666666666667,1.0
5,node,82,0.0,0.3349093740636652,0.0,0.6286666666666667,0.3376413981119792,6.83,1.0
5,node,83,0.0,0.33554592999545013,0.0,0.4826666666666667,0.3376478271484375,6.81,1.0
5,node,84,0.0,0.33567712523720483,0.0,0.647,0.3376499837239583,6.885666666666666,1.0
5,node,85,0.0,0.3345549323342063,0.0,0.6616666666666666,0.3375920206705729,6.895333333333333,1.0
5,node,86,0.0,0.33529823476617987,0.0,0.49666666666666665,0.33777168782552086,6.902666666666667,1.0
5,node,87,0.0,0.3357423869046298,0.0,0.535,0.33753623453776044,6.886333333333333,1.0
5,node,88,0.0,0.3342673995278098,0.0,0.6596666666666666,0.3376362508138021,6.880333333333334,1.0
5,node,89,0.0,0.33431870287114923,0.0,0.633,0.33765854899088543,6.975,1.0
5,node,90,0.0,0.33450248024680396,0.0,0.6583333333333333,0.33740688069661456,6.915,1.0
5,node,91,0.0,0.33447454192421655,0.0,0.6486666666666666,0.3376504109700521,6.92,1.0
5,node,92,0.0,0.3350979414853183,0.0,0.643,0.33735268147786457,6.933333333333334,1.0
5,node,93,0.0,0.3355181867426092,0.0,0.5973333333333334,0.3374564208984375,6.929666666666667,1.0
5,node,94,0.0,0.3337764956734397,0.0,0.6556666666666666,0.3374145711263021,6.918,1.0
5,node,95,0.0,0.3331023129549893,0.0,0.659,0.3375863240559896,6.9126666666666665,1.0
5,node,96,0.0,0.33672480149702594,0.0,0.6556666666666666,0.33749289957682294,6.924666666666667,1.0
5,node,97,0.0,0.3340292410417037,0.0,0.6573333333333333,0.3374065755208333,6.891,1.0
5,node,98,0.0,0.3358741456812078,0.0,0.6543333333333333,0.33762310791015626,6.862,1.0
5,node,99,0.0,0.3357957276430997,0.0,0.658,0.33736383056640623,6.896,1.0
6,node,0,0.0,0.43382245844060724,0.0,0.6666666666666666,0.42208626302083335,4.897333333333333,1.0
6,node,1,0.0,0.4202769019386985,0.0,0.6666666666666666,0.4171142578125,5.033333333333333,1.0
6,node,2,0.0,0.4163625890558416,0.0,0.6666666666666666,0.41579874674479167,5.182,1.0
6,node,3,0.0,0.41564369201660156,0.0,0.6666666666666666,0.4154056803385417,5.240666666666667,1.0
6,node,4,0.0,0.4174277565696023,0.0,0.6666666666666666,0.415038818359375,5.258666666666667,1.0
6,node,5,0.0,0.4149645892056552,0.0,0.6666666666666666,0.4146960856119792,5.236666666666666,1.0
6,node,6,0.0,0.4162731170654297,0.0,0.6666666666666666,0.4142943115234375,5.215333333333334,1.0
6,node,7,0.0,0.41449386423284357,0.0,0.6666666666666666,0.4136149088541667,5.198666666666667,1.0
6,node,8,0.0,0.4130948673595082,0.0,0.6666666666666666,0.41250992838541667,5.145666666666667,1.0
6,node,9,0.0,0.41221692345359107,0.0,0.6666666666666666,0.41066544596354165,5.0553333333333335,1.0
6,node,10,0.0,0.4100754044272683,0.0,0.6666666666666666,0.406502685546875,4.8613333333333335,1.0
6,node,11,0.0,0.40718204324895685,0.0,0.6666666666666666,0.39677587890625,4.974666666666667,1.0
6,node,12,0.0,0.38814440640536224,0.0,0.6666666666666666,0.37669319661458334,5.155333333333333,1.0
6,node,13,0.0,0.37097293680364435,0.0,0.6666666666666666,0.35860050455729164,5.36,1.0
6,node,14,0.0,0.3542338718067516,0.0,0.6666666666666666,0.34694356282552086,5.560333333333333,1.0
6,node,15,0.0,0.34619899229569867,0.0,0.6666666666666666,0.34050923665364585,5.731,1.0
6,node,16,0.0,0.33967406099492853,0.0,0.6666666666666666,0.33713041178385417,5.865333333333333,1.0
6,node,17,0.0,0.3357818776910955,0.0,0.6666666666666666,0.33527555338541665,5.97,1.0
6,node,18,0.0,0.33698162165555084,0.0,0.6666666666666666,0.33418477376302086,6.0473333333333334,1.0
6,node,19,0.0,0.336038047617132,0.0,0.6666666666666666,0.33354508463541666,6.101666666666667,1.0
6,node,20,0.0,0.3341048847545277,0.0,0.667,0.33306612141927083,6.158666666666667,1.0
6,node,21,0.0,0.3356068351052024,0.0,0.662,0.3326363321940104,6.1946666666666665,1.0
6,node,22,0.0,0.3310607129877264,0.0,0.6666666666666666,0.33241353352864583,6.2,1.0
6,node,23,0.0,0.33258891105651855,0.0,0.6666666666666666,0.33221803792317706,6.239333333333334,1.0
6,node,24,0.0,0.3335859775543213,0.0,0.6666666666666666,0.3319757486979167,6.274666666666667,1.0
6,node,25,0.0,0.3322060758417303,0.0,0.671,0.33185888671875,6.294666666666667,1.0
6,node,26,0.0,0.33137973872098053,0.0,0.672,0.33184222412109377,6.324,1.0
6,node,27,0.0,0.3321586305444891,0.0,0.6643333333333333,0.3315710042317708,6.338666666666667,1.0
6,node,28,0.0,0.3331775665283203,0.0,0.6666666666666666,0.3315726114908854,6.354666666666667,1.0
6,node,29,0.0,0.33148238875649194,0.0,0.668,0.33134358723958335,6.361666666666666,1.0
6,node,30,0.0,0.33134187351573596,0.0,0.5646666666666667,0.3313227132161458,6.389333333333333,1.0
6,node,31,0.0,0.33277886564081366,0.0,0.6693333333333333,0.3312670084635417,6.385,1.0
6,node,32,0.0,0.32919318025762384,0.0,0.6706666666666666,0.3312979939778646,6.418,1.0
6,node,33,0.0,0.3298812779513272,0.0,0.6696666666666666,0.3312313639322917,6.412,1.0
6,node,34,0.0,0.33273683894764294,0.0,0.6686666666666666,0.3311093343098958,6.435333333333333,1.0
6,node,35,0.0,0.32990375432101166,0.0,0.6666666666666666,0.3311778971354167,6.437333333333333,1.0
6,node,36,0.0,0.33236065777865326,0.0,0.669,0.3309862060546875,6.453333333333333,1.0
6,node,37,0.0,0.332830472425981,0.0,0.6676666666666666,0.3309930623372396,6.488333333333333,1.0
6,node,38,0.0,0.3317080411044034,0.0,0.659,0.33098600260416666,6.460333333333334,1.0
6,node,39,0.0,0.33146086606112396,0.0,0.6703333333333333,0.330850830078125,6.479333333333333,1.0
6,node,40,0.0,0.33251385255293414,0.0,0.6503333333333333,0.33086602783203123,6.495,1.0
6,node,41,0.0,0.33440312472256745,0.0,0.6686666666666666,0.3308079020182292,6.496666666666667,1.0
6,node,42,0.0,0.33159819516268646,0.0,0.6363333333333333,0.3308864339192708,6.522333333333333,1.0
6,node,43,0.0,0.33197959986600006,0.0,0.6703333333333333,0.3307674763997396,6.515333333333333,1.0
6,node,44,0.0,0.3314574415033514,0.0,0.6636666666666666,0.3308720703125,6.548666666666667,1.0
6,node,45,0.0,0.3298635916276412,0.0,0.6653333333333333,0.33082942708333335,6.553333333333334,1.0
6,node,46,0.0,0.3319468714974143,0.0,0.6253333333333333,0.33079874674479165,6.535333333333333,1.0
6,node,47,0.0,0.331054535779086,0.0,0.6666666666666666,0.3307576904296875,6.578,1.0
6,node,48,0.0,0.33140980113636365,0.0,0.6716666666666666,0.33067069498697915,6.568,1.0
6,node,49,0.0,0.32970309257507324,0.0,0.6723333333333333,0.3306853637695312,6.566,1.0
6,node,50,0.0,0.3307133371179754,0.0,0.6723333333333333,0.33067425537109374,6.582666666666666,1.0
6,node,51,0.0,0.33085044947537506,0.0,0.6706666666666666,0.3307691853841146,6.597666666666667,1.0
6,node,52,0.0,0.331174221905795,0.0,0.6706666666666666,0.33063930257161456,6.62,1.0
6,node,53,0.0,0.3330285765907981,0.0,0.6713333333333333,0.33061002604166667,6.605,1.0
6,node,54,0.0,0.33112623474814673,0.0,0.6666666666666666,0.33074013264973956,6.646333333333334,1.0
6,node,55,0.0,0.3297266526655717,0.0,0.6666666666666666,0.3307225341796875,6.690666666666667,1.0
6,node,56,0.0,0.3300545432350852,0.0,0.6696666666666666,0.33059639485677084,6.664333333333333,1.0
6,node,57,0.0,0.33090758323669434,0.0,0.67,0.3306570841471354,6.656666666666666,1.0
6,node,58,0.0,0.3297609632665461,0.0,0.671,0.3306014200846354,6.675333333333334,1.0
6,node,59,0.0,0.33020520210266113,0.0,0.6693333333333333,0.33060162353515626,6.690666666666667,1.0
6,node,60,0.0,0.329810922796076,0.0,0.6703333333333333,0.33060679117838543,6.681333333333333,1.0
6,node,61,0.0,0.33173270659013226,0.0,0.6683333333333333,0.33065252685546875,6.692,1.0
6,node,62,0.0,0.33165027878501196,0.0,0.6716666666666666,0.33052779134114585,6.666333333333333,1.0
6,node,63,0.0,0.33135912635109643,0.0,0.6716666666666666,0.3305912068684896,6.667333333333334,1.0
6,node,64,0.0,0.33013153076171875,0.0,0.672,0.3306093546549479,6.7026666666666666,1.0
6,node,65,0.0,0.33097665960138495,0.0,0.6703333333333333,0.33056186930338544,6.745333333333333,1.0
6,node,66,0.0,0.33157331293279474,0.0,0.6673333333333333,0.33059794108072915,6.752,1.0
6,node,67,0.0,0.3312520547346635,0.0,0.672,0.3304801432291667,6.718666666666667,1.0
6,node,68,0.0,0.3307269269769842,0.0,0.6703333333333333,0.33058536783854164,6.722,1.0
6,node,69,0.0,0.3298653689297763,0.0,0.672,0.3304736328125,6.7476666666666665,1.0
6,node,70,0.0,0.33155668865550647,0.0,0.6716666666666666,0.33052998860677085,6.729666666666667,1.0
6,node,71,0.0,0.32834241606972436,0.0,0.672,0.3305287679036458,6.756333333333333,1.0
6,node,72,0.0,0.33037361231717194,0.0,0.6726666666666666,0.33047096761067707,6.7476666666666665,1.0
6,node,73,0.0,0.3301317908547141,0.0,0.6696666666666666,0.3305095621744792,6.791,1.0
6,node,74,0.0,0.33135656876997516,0.0,0.6706666666666666,0.3305189412434896,6.770333333333333,1.0
6,node,75,0.0,0.33146190643310547,0.0,0.6713333333333333,0.3304989827473958,6.749333333333333,1.0
6,node,76,0.0,0.32937810637734155,0.0,0.671,0.33052056884765624,6.788,1.0
6,node,77,0.0,0.33089199933138763,0.0,0.6723333333333333,0.3305124308268229,6.786666666666667,1.0
6,node,78,0.0,0.3293086832219904,0.0,0.671,0.33062109375,6.774333333333334,1.0
6,node,79,0.0,0.33052104169672186,0.0,0.6713333333333333,0.3304920450846354,6.754,1.0
6,node,80,0.0,0.3300984339280562,0.0,0.6706666666666666,0.3304794514973958,6.816,1.0
6,node,81,0.0,0.3312604860825972,0.0,0.671,0.33048193359375,6.812666666666667,1.0
6,node,82,0.0,0.32852549986405805,0.0,0.6676666666666666,0.33051025390625,6.837666666666666,1.0
6,node,83,0.0,0.3322476690465754,0.0,0.671,0.3304637247721354,6.827,1.0
6,node,84,0.0,0.33164080706509674,0.0,0.6723333333333333,0.33045477294921877,6.841333333333333,1.0
6,node,85,0.0,0.3320910497145219,0.0,0.6723333333333333,0.33045267740885415,6.861,1.0
6,node,86,0.0,0.3311031081459739,0.0,0.6713333333333333,0.33053275553385414,6.833666666666667,1.0
6,node,87,0.0,0.33032389120622113,0.0,0.672,0.33044232177734373,6.852666666666667,1.0
6,node,88,0.0,0.3304698250510476,0.0,0.671,0.33047113037109377,6.859666666666667,1.0
6,node,89,0.0,0.32940285856073553,0.0,0.6726666666666666,0.33039009602864583,6.854,1.0
6,node,90,0.0,0.3302124630321156,0.0,0.67,0.33054130045572916,6.890666666666666,1.0
6,node,91,0.0,0.331081823869185,0.0,0.668,0.33047873942057293,6.901666666666666,1.0
6,node,92,0.0,0.3325369358062744,0.0,0.671,0.33047672526041666,6.906333333333333,1.0
6,node,93,0.0,0.3301454240625555,0.0,0.671,0.3304684041341146,6.879333333333333,1.0
6,node,94,0.0,0.3326640562577681,0.0,0.6723333333333333,0.3305157470703125,6.851333333333334,1.0
6,node,95,0.0,0.331144549629905,0.0,0.672,0.33044305419921877,6.907,1.0
6,node,96,0.0,0.3321156285025857,0.0,0.6716666666666666,0.3305100301106771,6.89,1.0
6,node,97,0.0,0.3321617299860174,0.0,0.6666666666666666,0.33058286539713544,6.951333333333333,1.0
6,node,98,0.0,0.33086813579906116,0.0,0.6666666666666666,0.3305269775390625,6.959333333333333,1.0
6,node,99,0.0,0.332160776311701,0.0,0.6716666666666666,0.33041851806640626,6.982,1.0
7,node,0,0.0,0.5264651558615945,0.0,0.6666666666666666,0.4582755940755208,4.8966666666666665,1.0
7,node,1,0.0,0.4422819397666238,0.0,0.6666666666666666,0.42662158203125,5.157333333333334,1.0
7,node,2,0.0,0.42403710972179065,0.0,0.6666666666666666,0.41908056640625,5.207333333333334,1.0
7,node,3,0.0,0.42000436782836914,0.0,0.6666666666666666,0.416869384765625,5.315333333333333,1.0
7,node,4,0.0,0.4161342274058949,0.0,0.6666666666666666,0.41600240071614586,5.382666666666666,1.0
7,node,5,0.0,0.4147039326754483,0.0,0.6666666666666666,0.4157637125651042,5.463333333333333,1.0
7,node,6,0.0,0.41756933385675604,0.0,0.6666666666666666,0.415229736328125,5.485,1.0
7,node,7,0.0,0.41740781610662286,0.0,0.6666666666666666,0.41504248046875,5.482666666666667,1.0
7,node,8,0.0,0.41662172837690875,0.0,0.6666666666666666,0.4146611328125,5.538,1.0
7,node,9,0.0,0.4150128798051314,0.0,0.6666666666666666,0.4144344889322917,5.581666666666667,1.0
7,node,10,0.0,0.41791538758711383,0.0,0.6666666666666666,0.4140671793619792,5.5873333333333335,1.0
7,node,11,0.0,0.41485474326393823,0.0,0.6666666666666666,0.4137303873697917,5.5473333333333334,1.0
7,node,12,0.0,0.41550480235706677,0.0,0.6666666666666666,0.41331717936197915,5.568,1.0
7,node,13,0.0,0.40902129086581146,0.0,0.6666666666666666,0.41278043619791666,5.518666666666666,1.0
7,node,14,0.0,0.4141826629638672,0.0,0.6666666666666666,0.4120952555338542,5.468666666666667,1.0
7,node,15,0.0,0.41485764763572,0.0,0.6666666666666666,0.4112552897135417,5.400666666666667,1.0
7,node,16,0.0,0.4137783484025435,0.0,0.6666666666666666,0.4101931966145833,5.367333333333334,1.0
7,node,17,0.0,0.4124547784978693,0.0,0.6666666666666666,0.40868001302083334,5.335666666666667,1.0
7,node,18,0.0,0.40881560065529565,0.0,0.6666666666666666,0.40651350911458334,5.265666666666666,1.0
7,node,19,0.0,0.4079137281938033,0.0,0.6666666666666666,0.40349027506510415,5.232333333333333,1.0
7,node,20,0.0,0.40398398312655365,0.0,0.6666666666666666,0.3995694580078125,5.191,1.0
7,node,21,0.0,0.39978608218106354,0.0,0.6666666666666666,0.3934462890625,5.103,1.0
7,node,22,0.0,0.39273890581997956,0.0,0.6666666666666666,0.3850753987630208,4.902333333333333,1.0
7,node,23,0.0,0.3836082545193759,0.0,0.6666666666666666,0.3738723958333333,4.950333333333333,1.0
7,node,24,0.0,0.37147010456431995,0.0,0.6666666666666666,0.36114558919270834,5.096333333333333,1.0
7,node,25,0.0,0.35745213248512964,0.0,0.6666666666666666,0.3516990966796875,5.290333333333334,1.0
7,node,26,0.0,0.3530059511011297,0.0,0.6666666666666666,0.34497196451822915,5.444333333333334,1.0
7,node,27,0.0,0.3482310555197976,0.0,0.6653333333333333,0.34125075276692707,5.559,1.0
7,node,28,0.0,0.34527633406899194,0.0,0.664,0.3389810587565104,5.7236666666666665,1.0
7,node,29,0.0,0.34402463652870874,0.0,0.6646666666666666,0.3374883829752604,5.864,1.0
7,node,30,0.0,0.34192048419605603,0.0,0.664,0.33656807454427085,5.966666666666667,1.0
7,node,31,0.0,0.3435271219773726,0.0,0.662,0.3368019002278646,6.036666666666667,1.0
7,node,32,0.0,0.3417470455169678,0.0,0.661,0.3361389567057292,6.009333333333333,1.0
7,node,33,0.0,0.34215883775190875,0.0,0.6636666666666666,0.33533723958333334,6.057666666666667,1.0
7,node,34,0.0,0.3390478220852939,0.0,0.657,0.3353351033528646,6.044666666666667,1.0
7,node,35,0.0,0.340735370462591,0.0,0.6523333333333333,0.3352714029947917,6.029333333333334,1.0
7,node,36,0.0,0.33759054270657624,0.0,0.661,0.3347137044270833,6.073,1.0
7,node,37,0.0,0.338757493279197,0.0,0.6553333333333333,0.334551513671875,6.033666666666667,1.0
7,node,38,0.0,0.33778535236011853,0.0,0.6533333333333333,0.33451810709635416,6.014666666666667,1.0
7,node,39,0.0,0.3377153656699441,0.0,0.6603333333333333,0.3344002888997396,6.052,1.0
7,node,40,0.0,0.3393938324668191,0.0,0.6546666666666666,0.33398602294921875,6.014,1.0
7,node,41,0.0,0.33759232000871137,0.0,0.649,0.33413081868489586,5.992333333333334,1.0
7,node,42,0.0,0.3371189074082808,0.0,0.6516666666666666,0.3335266316731771,6.007,1.0
7,node,43,0.0,0.33795183355158026,0.0,0.6526666666666666,0.33327677408854167,6.023,1.0
7,node,44,0.0,0.3383494723926891,0.0,0.6606666666666666,0.33291414388020835,6.058,1.0
7,node,45,0.0,0.3385731957175515,0.0,0.6606666666666666,0.3328963216145833,6.087,1.0
7,node,46,0.0,0.33892501484264026,0.0,0.6626666666666666,0.3330069580078125,6.088666666666667,1.0
7,node,47,0.0,0.33907500180331146,0.0,0.6633333333333333,0.33263916015625,6.1546666666666665,1.0
7,node,48,0.0,0.3387290564450351,0.0,0.6663333333333333,0.3322150065104167,6.201666666666667,1.0
7,node,49,0.0,0.33618309281089087,0.0,0.6646666666666666,0.332590576171875,6.241666666666666,1.0
7,node,50,0.0,0.3382475159384988,0.0,0.6653333333333333,0.3323803914388021,6.234,1.0
7,node,51,0.0,0.3368850187821822,0.0,0.6643333333333333,0.3323713175455729,6.229666666666667,1.0
7,node,52,0.0,0.33650695193897595,0.0,0.6663333333333333,0.33191455078125,6.292666666666666,1.0
7,node,53,0.0,0.3368254574862393,0.0,0.664,0.332026611328125,6.287333333333334,1.0
7,node,54,0.0,0.3373359983617609,0.0,0.6646666666666666,0.33174936930338544,6.37,1.0
7,node,55,0.0,0.3368701934814453,0.0,0.665,0.3318634236653646,6.385,1.0
7,node,56,0.0,0.3357425169511275,0.0,0.6556666666666666,0.3316807861328125,6.3373333333333335,1.0
7,node,57,0.0,0.3362783301960338,0.0,0.6596666666666666,0.3317189737955729,6.335333333333334,1.0
7,node,58,0.0,0.33645131371238013,0.0,0.652,0.33127667236328123,6.327,1.0
7,node,59,0.0,0.33737551082264294,0.0,0.66,0.3314082845052083,6.344,1.0
7,node,60,0.0,0.33800374377857556,0.0,0.663,0.33135441080729167,6.342666666666666,1.0
7,node,61,0.0,0.3370321880687367,0.0,0.662,0.3314567667643229,6.411333333333333,1.0
7,node,62,0.0,0.33671901442787866,0.0,0.662,0.3314257405598958,6.402333333333333,1.0
7,node,63,0.0,0.3356174989180131,0.0,0.6583333333333333,0.3310758870442708,6.367,1.0
7,node,64,0.0,0.3369519060308283,0.0,0.6596666666666666,0.3313626708984375,6.344666666666667,1.0
7,node,65,0.0,0.33463720841841266,0.0,0.6643333333333333,0.3310569051106771,6.415,1.0
7,node,66,0.0,0.3376883159984242,0.0,0.6653333333333333,0.33126239013671877,6.422,1.0
7,node,67,0.0,0.3371266018260609,0.0,0.6653333333333333,0.3311281534830729,6.434666666666667,1.0
7,node,68,0.0,0.3361790830438787,0.0,0.658,0.3307714640299479,6.422,1.0
7,node,69,0.0,0.33453772284767846,0.0,0.6636666666666666,0.3308545939127604,6.466666666666667,1.0
7,node,70,0.0,0.33554959297180176,0.0,0.664,0.3309429931640625,6.450333333333333,1.0
7,node,71,0.0,0.3372331966053356,0.0,0.6643333333333333,0.3308626708984375,6.442,1.0
7,node,72,0.0,0.3370630741119385,0.0,0.6633333333333333,0.33097208658854166,6.442666666666667,1.0
7,node,73,0.0,0.3346643664620139,0.0,0.6646666666666666,0.3306604207356771,6.445333333333333,1.0
7,node,74,0.0,0.3361701965332031,0.0,0.6603333333333333,0.3307757975260417,6.4303333333333335,1.0
7,node,75,0.0,0.3365072120319713,0.0,0.6526666666666666,0.3304281819661458,6.425,1.0
7,node,76,0.0,0.33698097142306244,0.0,0.6643333333333333,0.33068603515625,6.455,1.0
7,node,77,0.0,0.33635724674571643,0.0,0.611,0.3305055745442708,6.429,1.0
7,node,78,0.0,0.3366419618779963,0.0,0.6583333333333333,0.33055342610677085,6.451333333333333,1.0
7,node,79,0.0,0.3351673429662531,0.0,0.6646666666666666,0.33055214436848956,6.446,1.0
7,node,80,0.0,0.33412853154269134,0.0,0.6656666666666666,0.3304606526692708,6.434666666666667,1.0
7,node,81,0.0,0.3351615992459384,0.0,0.6663333333333333,0.3306429239908854,6.475333333333333,1.0
7,node,82,0.0,0.3358721516349099,0.0,0.665,0.3305669962565104,6.465333333333334,1.0
7,node,83,0.0,0.3363135077736594,0.0,0.665,0.33063470458984373,6.506,1.0
7,node,84,0.0,0.3349344730377197,0.0,0.663,0.33062089029947916,6.477333333333333,1.0
7,node,85,0.0,0.3355032747442072,0.0,0.6626666666666666,0.33055704752604165,6.474,1.0
7,node,86,0.0,0.3359568335793235,0.0,0.665,0.3305799560546875,6.481,1.0
7,node,87,0.0,0.3369107246398926,0.0,0.6633333333333333,0.33053849283854164,6.533333333333333,1.0
7,node,88,0.0,0.3362692919644443,0.0,0.662,0.33045731608072915,6.491333333333333,1.0
7,node,89,0.0,0.3348777944391424,0.0,0.658,0.33052384440104166,6.502666666666666,1.0
7,node,90,0.0,0.3367515260523016,0.0,0.6166666666666667,0.3304931640625,6.531333333333333,1.0
7,node,91,0.0,0.33715490861372516,0.0,0.6633333333333333,0.3307779744466146,6.517333333333333,1.0
7,node,92,0.0,0.33350495858625934,0.0,0.6636666666666666,0.330526611328125,6.536,1.0
7,node,93,0.0,0.33753024448047986,0.0,0.6646666666666666,0.33053023274739585,6.519,1.0
7,node,94,0.0,0.33298982273448596,0.0,0.6236666666666667,0.33047918701171874,6.488666666666667,1.0
7,node,95,0.0,0.33474657752297143,0.0,0.6623333333333333,0.33060247802734377,6.504,1.0
7,node,96,0.0,0.33449420061978424,0.0,0.6626666666666666,0.33069140625,6.533,1.0
7,node,97,0.0,0.3358292579650879,0.0,0.6636666666666666,0.33078611246744793,6.575,1.0
7,node,98,0.0,0.3363031474026767,0.0,0.665,0.33044451904296873,6.554666666666667,1.0
7,node,99,0.0,0.3343415693803267,0.0,0.6646666666666666,0.3304767862955729,6.535666666666667,1.0
8,node,0,0.0,0.5878124670548872,0.0,0.3263333333333333,0.5069857584635417,4.929666666666667,1.0
8,node,1,0.0,0.4723691073330966,0.0,0.6666666666666666,0.4395893147786458,5.184333333333333,1.0
8,node,2,0.0,0.4334897994995117,0.0,0.6666666666666666,0.42547066243489584,5.355333333333333,1.0
8,node,3,0.0,0.4253123023293235,0.0,0.6666666666666666,0.42135432942708334,5.4783333333333335,1.0
8,node,4,0.0,0.4212700670415705,0.0,0.6666666666666666,0.4198252360026042,5.615,1.0
8,node,5,0.0,0.4178188063881614,0.0,0.6666666666666666,0.4190802408854167,5.7026666666666666,1.0
8,node,6,0.0,0.42123885588212445,0.0,0.6666666666666666,0.41862943522135415,5.732666666666667,1.0
8,node,7,0.0,0.420490178194913,0.0,0.6666666666666666,0.41844559733072917,5.777333333333333,1.0
8,node,8,0.0,0.4181562770496715,0.0,0.6666666666666666,0.4181331787109375,5.767666666666667,1.0
8,node,9,0.0,0.41978519613092596,0.0,0.6666666666666666,0.4178643391927083,5.790666666666667,1.0
8,node,10,0.0,0.41743196140636096,0.0,0.6666666666666666,0.4176827799479167,5.779333333333334,1.0
8,node,11,0.0,0.41708850860595703,0.0,0.6666666666666666,0.4175645751953125,5.817,1.0
8,node,12,0.0,0.4207700382579457,0.0,0.6666666666666666,0.4174384358723958,5.836,1.0
8,node,13,0.0,0.421260573647239,0.0,0.6666666666666666,0.41719661458333335,5.828666666666667,1.0
8,node,14,0.0,0.41979794068769977,0.0,0.6666666666666666,0.41711063639322915,5.840333333333334,1.0
8,node,15,0.0,0.419080604206432,0.0,0.6666666666666666,0.41699361165364585,5.783333333333333,1.0
8,node,16,0.0,0.4158881360834295,0.0,0.6666666666666666,0.41667720540364583,5.820666666666667,1.0
8,node,17,0.0,0.4176813905889338,0.0,0.6666666666666666,0.4165477294921875,5.833,1.0
8,node,18,0.0,0.41798522255637427,0.0,0.6666666666666666,0.4163603515625,5.761333333333333,1.0
8,node,19,0.0,0.41605485569347034,0.0,0.6666666666666666,0.4157454020182292,5.778,1.0
8,node,20,0.0,0.41618113084272906,0.0,0.6666666666666666,0.4153070882161458,5.718333333333334,1.0
8,node,21,0.0,0.4144522927024148,0.0,0.6666666666666666,0.41462430826822916,5.723,1.0
8,node,22,0.0,0.41208913109519263,0.0,0.6666666666666666,0.41373929850260416,5.676333333333333,1.0
8,node,23,0.0,0.4102399999445135,0.0,0.6666666666666666,0.412364013671875,5.611666666666666,1.0
8,node,24,0.0,0.4098579666831277,0.0,0.6666666666666666,0.40997216796875,5.561,1.0
8,node,25,0.0,0.4098706678910689,0.0,0.6666666666666666,0.40659867350260415,5.389333333333333,1.0
8,node,26,0.0,0.4054590572010387,0.0,0.6666666666666666,0.4016513264973958,5.333,1.0
8,node,27,0.0,0.39951411160555755,0.0,0.6666666666666666,0.3958148193359375,5.240333333333333,1.0
8,node,28,0.0,0.3985927321694114,0.0,0.6666666666666666,0.38842765299479165,5.206666666666667,1.0
8,node,29,0.0,0.3856763406233354,0.0,0.6666666666666666,0.3804206136067708,5.2043333333333335,1.0
8,node,30,0.0,0.3766660690307617,0.0,0.6666666666666666,0.3714373779296875,5.3036666666666665,1.0
8,node,31,0.0,0.36947519128972833,0.0,0.6666666666666666,0.3626954345703125,5.457666666666666,1.0
8,node,32,0.0,0.3601351434534246,0.0,0.6666666666666666,0.3544495849609375,5.854,1.0
8,node,33,0.0,0.3548399101604115,0.0,0.6626666666666666,0.3495859781901042,6.114,1.0
8,node,34,0.0,0.3493659929795699,0.0,0.636,0.347211669921875,6.344,1.0
8,node,35,0.0,0.34844877503134986,0.0,0.6263333333333333,0.3455182698567708,6.458333333333333,1.0
8,node,36,0.0,0.34697389602661133,0.0,0.66,0.34502742513020834,6.572666666666667,1.0
8,node,37,0.0,0.3456102284518155,0.0,0.6393333333333333,0.34333833821614584,6.666,1.0
8,node,38,0.0,0.34426411715420807,0.0,0.6356666666666667,0.34293302408854165,6.709333333333333,1.0
8,node,39,0.0,0.3433354551141912,0.0,0.6656666666666666,0.34254728190104167,6.785666666666667,1.0
8,node,40,0.0,0.3424929922277277,0.0,0.664,0.3422650146484375,6.807,1.0
8,node,41,0.0,0.342342116615989,0.0,0.6653333333333333,0.34151322428385417,6.843,1.0
8,node,42,0.0,0.34448799219998444,0.0,0.6646666666666666,0.34136002604166665,6.867,1.0
8,node,43,0.0,0.34300847487016156,0.0,0.665,0.3412154744466146,6.898333333333333,1.0
8,node,44,0.0,0.3432827429337935,0.0,0.665,0.3410644124348958,6.920333333333334,1.0
8,node,45,0.0,0.3399048285050826,0.0,0.6656666666666666,0.34043119303385416,6.970666666666666,1.0
8,node,46,0.0,0.3424887006933039,0.0,0.6666666666666666,0.34026654052734373,6.916333333333333,1.0
8,node,47,0.0,0.3410411531274969,0.0,0.6666666666666666,0.34010194905598956,6.963666666666667,1.0
8,node,48,0.0,0.3408870046788996,0.0,0.6653333333333333,0.34010947672526043,6.976666666666667,1.0
8,node,49,0.0,0.34120665897022595,0.0,0.664,0.3398344523111979,6.998,1.0
8,node,50,0.0,0.34180355072021484,0.0,0.6626666666666666,0.33985182698567706,6.989,1.0
8,node,51,0.0,0.3413482362573797,0.0,0.666,0.33948380533854167,6.992,1.0
8,node,52,0.0,0.3403384468772195,0.0,0.666,0.33945393880208335,7.009333333333333,1.0
8,node,53,0.0,0.3407401821830056,0.0,0.6666666666666666,0.3395472005208333,6.995,1.0
8,node,54,0.0,0.3413312868638472,0.0,0.6663333333333333,0.339294921875,6.985,1.0
8,node,55,0.0,0.3404676697470925,0.0,0.6666666666666666,0.33912322998046873,6.9816666666666665,1.0
8,node,56,0.0,0.33820991082624957,0.0,0.666,0.3391113484700521,6.979333333333333,1.0
8,node,57,0.0,0.3379784497347745,0.0,0.666,0.33877888997395833,6.932666666666667,1.0
8,node,58,0.0,0.341571721163663,0.0,0.6666666666666666,0.33895088704427084,6.983333333333333,1.0
8,node,59,0.0,0.3388648900118741,0.0,0.6653333333333333,0.3388879597981771,7.003666666666667,1.0
8,node,60,0.0,0.3400175788185813,0.0,0.666,0.33855322265625,6.957333333333334,1.0
8,node,61,0.0,0.34000938588922675,0.0,0.6663333333333333,0.33851497395833335,6.946666666666666,1.0
8,node,62,0.0,0.34069371223449707,0.0,0.6663333333333333,0.33846588134765626,6.927666666666667,1.0
8,node,63,0.0,0.34032943032004614,0.0,0.6666666666666666,0.3386470743815104,6.962666666666666,1.0
8,node,64,0.0,0.34133757244456897,0.0,0.6666666666666666,0.33868174235026044,6.980666666666667,1.0
8,node,65,0.0,0.3400214368646795,0.0,0.663,0.33855342610677086,6.968,1.0
8,node,66,0.0,0.33935432000593707,0.0,0.664,0.33827421061197915,6.986666666666666,1.0
8,node,67,0.0,0.3390066840431907,0.0,0.6656666666666666,0.33818790690104167,6.976,1.0
8,node,68,0.0,0.33877023783597077,0.0,0.6643333333333333,0.3381095987955729,7.029333333333334,1.0
8,node,69,0.0,0.34127985347401013,0.0,0.664,0.3381719360351563,7.047666666666666,1.0
8,node,70,0.0,0.33904203501614655,0.0,0.6643333333333333,0.33801607259114586,7.033333333333333,1.0
8,node,71,0.0,0.3396949117833918,0.0,0.6656666666666666,0.3380626831054688,7.0056666666666665,1.0
8,node,72,0.0,0.34040093421936035,0.0,0.6653333333333333,0.3379872029622396,6.999333333333333,1.0
8,node,73,0.0,0.34048897569829767,0.0,0.666,0.33802364095052084,7.004,1.0
8,node,74,0.0,0.3396136327223344,0.0,0.6666666666666666,0.33796461995442706,7.031666666666666,1.0
8,node,75,0.0,0.33927644382823596,0.0,0.6656666666666666,0.3380392252604167,7.015333333333333,1.0
8,node,76,0.0,0.33892070163380017,0.0,0.6663333333333333,0.3377518310546875,6.993333333333333,1.0
8,node,77,0.0,0.3387048677964644,0.0,0.6636666666666666,0.33788899739583333,7.000666666666667,1.0
8,node,78,0.0,0.3403623104095459,0.0,0.6646666666666666,0.33778375244140624,7.018,1.0
8,node,79,0.0,0.3388994607058438,0.0,0.665,0.3377841796875,7.005,1.0
8,node,80,0.0,0.3395929553292014,0.0,0.6656666666666666,0.3378160603841146,7.007,1.0
8,node,81,0.0,0.3389768600463867,0.0,0.6666666666666666,0.3377594807942708,7.004333333333333,1.0
8,node,82,0.0,0.3370261625810103,0.0,0.6653333333333333,0.3376365559895833,6.993333333333333,1.0
8,node,83,0.0,0.33953179012645374,0.0,0.666,0.33756925455729164,6.983,1.0
8,node,84,0.0,0.33919796076687897,0.0,0.6666666666666666,0.3375457763671875,6.959,1.0
8,node,85,0.0,0.34129398519342596,0.0,0.6646666666666666,0.3375758056640625,6.936333333333334,1.0
8,node,86,0.0,0.33879386294971814,0.0,0.665,0.3376358439127604,6.928,1.0
8,node,87,0.0,0.34009775248440827,0.0,0.6646666666666666,0.3376705118815104,6.883333333333334,1.0
8,node,88,0.0,0.3391760262576016,0.0,0.6653333333333333,0.33762113444010416,6.876333333333333,1.0
8,node,89,0.0,0.33991325985301624,0.0,0.665,0.3375511881510417,6.868,1.0
8,node,90,0.0,0.3389277458190918,0.0,0.6663333333333333,0.3375345458984375,6.878666666666667,1.0
8,node,91,0.0,0.33944856036793103,0.0,0.662,0.3376309814453125,6.885666666666666,1.0
8,node,92,0.0,0.341670578176325,0.0,0.6636666666666666,0.3378291219075521,6.917333333333334,1.0
8,node,93,0.0,0.3392477035522461,0.0,0.6633333333333333,0.33766916910807293,6.917333333333334,1.0
8,node,94,0.0,0.33953222361477936,0.0,0.6633333333333333,0.3376646525065104,6.923333333333333,1.0
8,node,95,0.0,0.33812507716092194,0.0,0.664,0.33757936604817707,6.905,1.0
8,node,96,0.0,0.3386436809193004,0.0,0.6656666666666666,0.3376308186848958,6.951666666666667,1.0
8,node,97,0.0,0.3396557461131703,0.0,0.6653333333333333,0.33758156331380207,6.926,1.0
8,node,98,0.0,0.3380129337310791,0.0,0.6636666666666666,0.33774080403645834,6.907333333333334,1.0
8,node,99,0.0,0.3397891954942183,0.0,0.6646666666666666,0.33764457194010417,6.903666666666667,1.0
9,node,0,0.0,0.5747922550548207,0.0,0.332,0.4998818359375,4.906333333333333,1.0
9,node,1,0.0,0.4608478546142578,0.0,0.6666666666666666,0.4364252522786458,5.202,1.0
9,node,2,0.0,0.42790204828435724,0.0,0.6666666666666666,0.42319401041666665,5.300666666666666,1.0
9,node,3,0.0,0.4188429659063166,0.0,0.6666666666666666,0.4202182210286458,5.444333333333334,1.0
9,node,4,0.0,0.4176915775645863,0.0,0.6666666666666666,0.41850252278645833,5.563,1.0
9,node,5,0.0,0.41843305934559216,0.0,0.6666666666666666,0.4180018310546875,5.681,1.0
9,node,6,0.0,0.4175868467851119,0.0,0.6666666666666666,0.41755460611979167,5.7283333333333335,1.0
9,node,7,0.0,0.41513625058260833,0.0,0.6666666666666666,0.41725215657552084,5.733333333333333,1.0
9,node,8,0.0,0.4189134944568981,0.0,0.6666666666666666,0.41692838541666666,5.762666666666667,1.0
9,node,9,0.0,0.41258989680897107,0.0,0.6666666666666666,0.4166741536458333,5.816,1.0
9,node,10,0.0,0.41641590811989526,0.0,0.6666666666666666,0.41641597493489585,5.8373333333333335,1.0
9,node,11,0.0,0.4158896966414018,0.0,0.6666666666666666,0.4160516357421875,5.844666666666667,1.0
9,node,12,0.0,0.41461298682472925,0.0,0.6666666666666666,0.4158365071614583,5.828333333333333,1.0
9,node,13,0.0,0.41315317153930664,0.0,0.6666666666666666,0.4152668050130208,5.824333333333334,1.0
9,node,14,0.0,0.41506884314797143,0.0,0.6666666666666666,0.41467268880208336,5.796333333333333,1.0
9,node,15,0.0,0.41519633206454193,0.0,0.6666666666666666,0.4139484049479167,5.751333333333333,1.0
9,node,16,0.0,0.4121129729531028,0.0,0.6666666666666666,0.4129972737630208,5.615,1.0
9,node,17,0.0,0.41387969797307794,0.0,0.6666666666666666,0.4116175130208333,5.503333333333333,1.0
9,node,18,0.0,0.41229269721291284,0.0,0.6666666666666666,0.40976163736979165,5.452,1.0
9,node,19,0.0,0.4076574065468528,0.0,0.6666666666666666,0.4067623291015625,5.320333333333333,1.0
9,node,20,0.0,0.3998126983642578,0.0,0.6666666666666666,0.4024322102864583,5.276,1.0
9,node,21,0.0,0.40008956735784357,0.0,0.6666666666666666,0.3965284016927083,5.162333333333334,1.0
9,node,22,0.0,0.3911658633839,0.0,0.6666666666666666,0.38946858723958333,5.023,1.0
9,node,23,0.0,0.38192866065285425,0.0,0.6666666666666666,0.379395263671875,5.017333333333333,1.0
9,node,24,0.0,0.37322581898082385,0.0,0.6666666666666666,0.3692074381510417,5.0986666666666665,1.0
9,node,25,0.0,0.3633921579881148,0.0,0.6666666666666666,0.3579223225911458,5.178,1.0
9,node,26,0.0,0.3521767529574307,0.0,0.6643333333333333,0.3499802652994792,5.2973333333333334,1.0
9,node,27,0.0,0.34645420854741876,0.0,0.6566666666666666,0.3449643147786458,5.548333333333333,1.0
9,node,28,0.0,0.34283536130731757,0.0,0.3393333333333333,0.3426695556640625,5.8036666666666665,1.0
9,node,29,0.0,0.33994304050098767,0.0,0.6326666666666667,0.341780517578125,6.002666666666666,1.0
9,node,30,0.0,0.33750657601789996,0.0,0.6563333333333333,0.34102296956380207,6.126333333333333,1.0
9,node,31,0.0,0.3393565091219815,0.0,0.6456666666666667,0.3406214599609375,6.153666666666667,1.0
9,node,32,0.0,0.3355476205999201,0.0,0.6136666666666667,0.3400122477213542,6.229666666666667,1.0
9,node,33,0.0,0.3381103819066828,0.0,0.6383333333333333,0.3398947957356771,6.251666666666667,1.0
9,node,34,0.0,0.3379005735570734,0.0,0.648,0.3392661539713542,6.239,1.0
9,node,35,0.0,0.33661432699723676,0.0,0.631,0.3394142862955729,6.250666666666667,1.0
9,node,36,0.0,0.33697598630731757,0.0,0.6286666666666667,0.3391240234375,6.2683333333333335,1.0
9,node,37,0.0,0.3360541083595969,0.0,0.6396666666666667,0.33924479166666666,6.243,1.0
9,node,38,0.0,0.3361679640683261,0.0,0.643,0.3382462361653646,6.238333333333333,1.0
9,node,39,0.0,0.3366785266182639,0.0,0.6113333333333333,0.3379698689778646,6.276,1.0
9,node,40,0.0,0.337139216336337,0.0,0.601,0.33789054361979165,6.217333333333333,1.0
9,node,41,0.0,0.3353615023873069,0.0,0.6063333333333333,0.33799186197916664,6.252,1.0
9,node,42,0.0,0.33768233385953034,0.0,0.6626666666666666,0.33818284098307294,6.21,1.0
9,node,43,0.0,0.3346376419067383,0.0,0.6646666666666666,0.3376548665364583,6.254666666666667,1.0
9,node,44,0.0,0.33378546888178046,0.0,0.646,0.33751715087890627,6.3533333333333335,1.0
9,node,45,0.0,0.3342185670679266,0.0,0.6603333333333333,0.33738675944010416,6.391666666666667,1.0
9,node,46,0.0,0.3347467075694691,0.0,0.6633333333333333,0.3375150146484375,6.425333333333334,1.0
9,node,47,0.0,0.33221309835260565,0.0,0.6636666666666666,0.33716544596354164,6.432333333333333,1.0
9,node,48,0.0,0.33366411382501776,0.0,0.642,0.3369225056966146,6.480333333333333,1.0
9,node,49,0.0,0.3340275937860662,0.0,0.6366666666666667,0.33745393880208335,6.497333333333334,1.0
9,node,50,0.0,0.3361812721599232,0.0,0.6576666666666666,0.3373057657877604,6.540666666666667,1.0
9,node,51,0.0,0.33587221665815875,0.0,0.6623333333333333,0.3369950358072917,6.532666666666667,1.0
9,node,52,0.0,0.33452666889537463,0.0,0.6646666666666666,0.33713285319010416,6.495666666666667,1.0
9,node,53,0.0,0.333621393550526,0.0,0.6636666666666666,0.33725539143880207,6.493333333333333,1.0
9,node,54,0.0,0.33393458886580035,0.0,0.665,0.3371024169921875,6.469666666666667,1.0
9,node,55,0.0,0.3342167464169589,0.0,0.6643333333333333,0.33672760009765623,6.516666666666667,1.0
9,node,56,0.0,0.33648243817416107,0.0,0.6653333333333333,0.3370289306640625,6.482,1.0
9,node,57,0.0,0.33443147485906427,0.0,0.6356666666666667,0.33680120849609374,6.511666666666667,1.0
9,node,58,0.0,0.33544724637811835,0.0,0.6653333333333333,0.3368556111653646,6.54,1.0
9,node,59,0.0,0.33224961974404077,0.0,0.6656666666666666,0.3364094034830729,6.548,1.0
9,node,60,0.0,0.33347201347351074,0.0,0.6653333333333333,0.3358451131184896,6.606,1.0
9,node,61,0.0,0.332812482660467,0.0,0.6656666666666666,0.3359178670247396,6.5953333333333335,1.0
9,node,62,0.0,0.33433240110223944,0.0,0.6653333333333333,0.3357331136067708,6.634666666666667,1.0
9,node,63,0.0,0.33366255326704547,0.0,0.664,0.3355916951497396,6.661333333333333,1.0
9,node,64,0.0,0.3327875354073264,0.0,0.48733333333333334,0.3354749755859375,6.729,1.0
9,node,65,0.0,0.3335711089047519,0.0,0.6443333333333333,0.33527180989583333,6.738,1.0
9,node,66,0.0,0.3312296650626443,0.0,0.6653333333333333,0.3353769327799479,6.705333333333333,1.0
9,node,67,0.0,0.33209568803960626,0.0,0.665,0.33539839680989586,6.6723333333333334,1.0
9,node,68,0.0,0.3329638567837802,0.0,0.664,0.3353165283203125,6.74,1.0
9,node,69,0.0,0.33209911259737884,0.0,0.665,0.3351887003580729,6.747333333333334,1.0
9,node,70,0.0,0.3327433629469438,0.0,0.6636666666666666,0.33539048258463544,6.714666666666667,1.0
9,node,71,0.0,0.3338266502727162,0.0,0.665,0.33523881022135416,6.779,1.0
9,node,72,0.0,0.33317026225003327,0.0,0.6646666666666666,0.33554280598958336,6.759333333333333,1.0
9,node,73,0.0,0.3332227793606845,0.0,0.665,0.33551163736979167,6.782333333333334,1.0
9,node,74,0.0,0.33198985186490143,0.0,0.665,0.33516672770182293,6.763333333333334,1.0
9,node,75,0.0,0.33317284150557086,0.0,0.6643333333333333,0.334987060546875,6.8036666666666665,1.0
9,node,76,0.0,0.33308341286399146,0.0,0.6623333333333333,0.3351022745768229,6.828333333333333,1.0
9,node,77,0.0,0.33453819968483667,0.0,0.6626666666666666,0.3351002400716146,6.801333333333333,1.0
9,node,78,0.0,0.33168634501370514,0.0,0.6633333333333333,0.3348631591796875,6.850333333333333,1.0
9,node,79,0.0,0.33241206949407404,0.0,0.6396666666666667,0.3348313395182292,6.889333333333333,1.0
9,node,80,0.0,0.33254157413135876,0.0,0.6613333333333333,0.3350232950846354,6.889666666666667,1.0
9,node,81,0.0,0.3309674479744651,0.0,0.6183333333333333,0.33489383951822915,6.913666666666667,1.0
9,node,82,0.0,0.33279015801169654,0.0,0.664,0.33475850423177084,6.958333333333333,1.0
9,node,83,0.0,0.3304921713742343,0.0,0.6246666666666667,0.33507696533203124,6.9816666666666665,1.0
9,node,84,0.0,0.33404200727289374,0.0,0.648,0.33491619873046874,6.959666666666666,1.0
9,node,85,0.0,0.333912502635609,0.0,0.6626666666666666,0.3350506591796875,6.896333333333334,1.0
9,node,86,0.0,0.33348807421597565,0.0,0.6643333333333333,0.3350505167643229,6.904,1.0
9,node,87,0.0,0.3319924527948553,0.0,0.664,0.3349257609049479,6.865,1.0
9,node,88,0.0,0.3323458324779164,0.0,0.6643333333333333,0.33496815999348956,6.866,1.0
9,node,89,0.0,0.33293819427490234,0.0,0.665,0.3348209025065104,6.866333333333333,1.0
9,node,90,0.0,0.3325557925484397,0.0,0.664,0.3350035400390625,6.828333333333333,1.0
9,node,91,0.0,0.3310946767980402,0.0,0.6646666666666666,0.33476737467447915,6.926333333333333,1.0
9,node,92,0.0,0.3326210325414484,0.0,0.6633333333333333,0.33490641276041666,6.942333333333333,1.0
9,node,93,0.0,0.3314049243927002,0.0,0.663,0.3351093343098958,6.875,1.0
9,node,94,0.0,0.3330396738919345,0.0,0.6646666666666666,0.33520255533854165,6.895666666666667,1.0
9,node,95,0.0,0.3321289365941828,0.0,0.6643333333333333,0.33507037353515623,6.864,1.0
9,node,96,0.0,0.3326977383006703,0.0,0.665,0.3349428304036458,6.851333333333334,1.0
9,node,97,0.0,0.3328124393116344,0.0,0.665,0.33491898600260417,6.851,1.0
9,node,98,0.0,0.3313174464485862,0.0,0.6643333333333333,0.3350166015625,6.843333333333334,1.0
9,node,99,0.0,0.3324196121909402,0.0,0.6633333333333333,0.33477099609375,6.927333333333333,1.0
